okres_id;okres_full;rok;3 roky;4 roky;5 rokov;6 rokov;spolu_3-6 rokov
101;Okres Bratislava I;2000;335;344;374;411;1464
101;Okres Bratislava I;2001;299;312;319;324;1254
101;Okres Bratislava I;2002;280;300;307;315;1202
101;Okres Bratislava I;2003;282;276;293;303;1154
101;Okres Bratislava I;2004;281;274;273;285;1113
101;Okres Bratislava I;2005;287;276;266;266;1095
101;Okres Bratislava I;2006;303;280;267;259;1109
101;Okres Bratislava I;2007;338;294;278;261;1171
101;Okres Bratislava I;2008;365;334;290;275;1264
101;Okres Bratislava I;2009;362;360;328;283;1333
101;Okres Bratislava I;2010;385;359;357;326;1427
101;Okres Bratislava I;2011;403;376,5;345,5;332;1457
101;Okres Bratislava I;2012;412,5;402,5;380,5;349;1544,5
101;Okres Bratislava I;2013;424;414,5;403,5;378,5;1620,5
101;Okres Bratislava I;2014;452,5;426,5;418,5;399;1696,5
101;Okres Bratislava I;2015;463,5;452,5;435,5;420;1771,5
101;Okres Bratislava I;2016;455;466;462,5;439,5;1823
101;Okres Bratislava I;2017;456,5;454;475;470;1855,5
101;Okres Bratislava I;2018;460,5;453,5;461,5;487;1862,5
101;Okres Bratislava I;2019;478;471,5;464;484,5;1898
101;Okres Bratislava I;2020;519,5;486;487,5;492,5;1985,5
101;Okres Bratislava I;2021;527,5;519,5;496,5;522;2065,5
102;Okres Bratislava II;2000;888;921;995;1102;3906
102;Okres Bratislava II;2001;749;796;875;951;3371
102;Okres Bratislava II;2002;741;743;798;879;3161
102;Okres Bratislava II;2003;770;745;741;793;3049
102;Okres Bratislava II;2004;846;771;736;736;3089
102;Okres Bratislava II;2005;865;843;770;736;3214
102;Okres Bratislava II;2006;881;877;852;776;3386
102;Okres Bratislava II;2007;945;890;884;855;3574
102;Okres Bratislava II;2008;1018;939;884;878;3719
102;Okres Bratislava II;2009;1070;1002;920;880;3872
102;Okres Bratislava II;2010;1101;1052;985;909;4047
102;Okres Bratislava II;2011;1119,5;1038;973,5;931;4062
102;Okres Bratislava II;2012;1196,5;1104,5;1023,5;966;4290,5
102;Okres Bratislava II;2013;1288,5;1179,5;1093,5;1014;4575,5
102;Okres Bratislava II;2014;1395,5;1266,5;1169,5;1089;4920,5
102;Okres Bratislava II;2015;1390,5;1370,5;1261;1160;5182
102;Okres Bratislava II;2016;1341,5;1361,5;1361,5;1236;5300,5
102;Okres Bratislava II;2017;1353;1320,5;1347,5;1331,5;5352,5
102;Okres Bratislava II;2018;1395,5;1339;1304;1318,5;5357
102;Okres Bratislava II;2019;1449;1367,5;1315;1280,5;5412
102;Okres Bratislava II;2020;1484;1414,5;1349;1294;5541,5
102;Okres Bratislava II;2021;1501;1443,5;1388,5;1321;5654
103;Okres Bratislava III;2000;470;491;492;534;1987
103;Okres Bratislava III;2001;406;399;444;490;1739
103;Okres Bratislava III;2002;421;404;404;443;1672
103;Okres Bratislava III;2003;426;421;405;405;1657
103;Okres Bratislava III;2004;421;429;417;410;1677
103;Okres Bratislava III;2005;437;426;429;420;1712
103;Okres Bratislava III;2006;467;436;426;434;1763
103;Okres Bratislava III;2007;496;468;433;428;1825
103;Okres Bratislava III;2008;541;499;476;435;1951
103;Okres Bratislava III;2009;590;545;508;477;2120
103;Okres Bratislava III;2010;636;597;546;506;2285
103;Okres Bratislava III;2011;623,5;602,5;566;525,5;2317,5
103;Okres Bratislava III;2012;690;631,5;600;568;2489,5
103;Okres Bratislava III;2013;741;688;628;607,5;2664,5
103;Okres Bratislava III;2014;775;732,5;677;637,5;2822
103;Okres Bratislava III;2015;779;772;718;684,5;2953,5
103;Okres Bratislava III;2016;771;781,5;765,5;725;3043
103;Okres Bratislava III;2017;814,5;779,5;777;775,5;3146,5
103;Okres Bratislava III;2018;891,5;814,5;778;782,5;3266,5
103;Okres Bratislava III;2019;947;879;810,5;774;3410,5
103;Okres Bratislava III;2020;951;940;872,5;812;3575,5
103;Okres Bratislava III;2021;974,5;945,5;946,5;896,5;3763
104;Okres Bratislava IV;2000;857;956;1062;1178;4053
104;Okres Bratislava IV;2001;757;801;914;981;3453
104;Okres Bratislava IV;2002;745;752;796;906;3199
104;Okres Bratislava IV;2003;748;749;747;789;3033
104;Okres Bratislava IV;2004;754;750;743;741;2988
104;Okres Bratislava IV;2005;767;754;747;742;3010
104;Okres Bratislava IV;2006;797;765;758;750;3070
104;Okres Bratislava IV;2007;797;791;767;754;3109
104;Okres Bratislava IV;2008;850;791;791;761;3193
104;Okres Bratislava IV;2009;940;838;797;787;3362
104;Okres Bratislava IV;2010;938;927;846;798;3509
104;Okres Bratislava IV;2011;949;894;880;818;3541
104;Okres Bratislava IV;2012;1023,5;940;888;876;3727,5
104;Okres Bratislava IV;2013;1063;1018,5;928,5;878,5;3888,5
104;Okres Bratislava IV;2014;1098;1063,5;1008,5;915,5;4085,5
104;Okres Bratislava IV;2015;1132,5;1083,5;1064,5;993;4273,5
104;Okres Bratislava IV;2016;1120;1111;1087;1056;4374
104;Okres Bratislava IV;2017;1122,5;1113;1107,5;1081,5;4424,5
104;Okres Bratislava IV;2018;1171;1118;1101,5;1103,5;4494
104;Okres Bratislava IV;2019;1176;1154;1106,5;1084,5;4521
104;Okres Bratislava IV;2020;1165,5;1158;1149;1084;4556,5
104;Okres Bratislava IV;2021;1214;1178;1161,5;1151;4704,5
105;Okres Bratislava V;2000;806;822;876;954;3458
105;Okres Bratislava V;2001;698;751;784;831;3064
105;Okres Bratislava V;2002;696;688;748;771;2903
105;Okres Bratislava V;2003;725;672;689;736;2822
105;Okres Bratislava V;2004;742;702;669;682;2795
105;Okres Bratislava V;2005;761;723;694;666;2844
105;Okres Bratislava V;2006;821;740;709;691;2961
105;Okres Bratislava V;2007;875;801;724;708;3108
105;Okres Bratislava V;2008;912;849;781;721;3263
105;Okres Bratislava V;2009;966;892;830;772;3460
105;Okres Bratislava V;2010;1011;946;878;816;3651
105;Okres Bratislava V;2011;1040;946;885;814,5;3685,5
105;Okres Bratislava V;2012;1140,5;1018;928,5;874;3961
105;Okres Bratislava V;2013;1231;1123,5;995;922,5;4272
105;Okres Bratislava V;2014;1359;1216;1108,5;970;4653,5
105;Okres Bratislava V;2015;1379,5;1342;1193;1074;4988,5
105;Okres Bratislava V;2016;1292,5;1353;1304,5;1165,5;5115,5
105;Okres Bratislava V;2017;1341;1267;1325,5;1267,5;5201
105;Okres Bratislava V;2018;1386;1316,5;1247,5;1288;5238
105;Okres Bratislava V;2019;1438,5;1375,5;1299,5;1230;5343,5
105;Okres Bratislava V;2020;1490;1422,5;1354;1289;5555,5
105;Okres Bratislava V;2021;1462;1451,5;1411;1372;5696,5
106;Okres Malacky;2000;638;678;714;765;2795
106;Okres Malacky;2001;661;658;698;740;2757
106;Okres Malacky;2002;648;673;666;708;2695
106;Okres Malacky;2003;607;658;681;673;2619
106;Okres Malacky;2004;610;615;663;682;2570
106;Okres Malacky;2005;588;616;618;667;2489
106;Okres Malacky;2006;596;595;619;623;2433
106;Okres Malacky;2007;662;606;600;621;2489
106;Okres Malacky;2008;698;672;615;605;2590
106;Okres Malacky;2009;688;708;685;623;2704
106;Okres Malacky;2010;711;696;720;696;2823
106;Okres Malacky;2011;743,5;682,5;672;702,5;2800,5
106;Okres Malacky;2012;811,5;761;689,5;675,5;2937,5
106;Okres Malacky;2013;846,5;827,5;772;702;3148
106;Okres Malacky;2014;890;857,5;847;785,5;3380
106;Okres Malacky;2015;886;898;875;861;3520
106;Okres Malacky;2016;854;902;913;885,5;3554,5
106;Okres Malacky;2017;883;873;916,5;925;3597,5
106;Okres Malacky;2018;929;899;886,5;938,5;3653
106;Okres Malacky;2019;1002,5;943,5;914;903,5;3763,5
106;Okres Malacky;2020;991;1013,5;955,5;920;3880
106;Okres Malacky;2021;972;1026,5;1054;977,5;4030
107;Okres Pezinok;2000;576;582;573;651;2382
107;Okres Pezinok;2001;527;580;587;581;2275
107;Okres Pezinok;2002;493;534;580;590;2197
107;Okres Pezinok;2003;463;498;538;577;2076
107;Okres Pezinok;2004;464;467;504;534;1969
107;Okres Pezinok;2005;468;469;477;508;1922
107;Okres Pezinok;2006;503;469;476;483;1931
107;Okres Pezinok;2007;551;508;473;482;2014
107;Okres Pezinok;2008;590;562;519;479;2150
107;Okres Pezinok;2009;617;603;571;527;2318
107;Okres Pezinok;2010;648;635;612;582;2477
107;Okres Pezinok;2011;692,5;639;615;600;2546,5
107;Okres Pezinok;2012;738,5;703,5;640;620,5;2702,5
107;Okres Pezinok;2013;755;754;705;649,5;2863,5
107;Okres Pezinok;2014;762,5;783;760;712;3017,5
107;Okres Pezinok;2015;803,5;784,5;793;766,5;3147,5
107;Okres Pezinok;2016;786,5;820,5;797,5;803;3207,5
107;Okres Pezinok;2017;792,5;802,5;831;802,5;3228,5
107;Okres Pezinok;2018;863,5;813;815;833,5;3325
107;Okres Pezinok;2019;863;884;832,5;829,5;3409
107;Okres Pezinok;2020;885;870,5;898,5;850,5;3504,5
107;Okres Pezinok;2021;937;897,5;885;924,5;3644
108;Okres Senec;2000;448;485;526;577;2036
108;Okres Senec;2001;468;473;519;554;2014
108;Okres Senec;2002;465;482;486;533;1966
108;Okres Senec;2003;478;478;497;503;1956
108;Okres Senec;2004;489;489;492;507;1977
108;Okres Senec;2005;465;506;504;505;1980
108;Okres Senec;2006;525;493;526;521;2065
108;Okres Senec;2007;655;559;517;554;2285
108;Okres Senec;2008;729;697;587;547;2560
108;Okres Senec;2009;756;772;732;607;2867
108;Okres Senec;2010;842;800;820;755;3217
108;Okres Senec;2011;906,5;862,5;841,5;827;3437,5
108;Okres Senec;2012;982;955;899;862,5;3698,5
108;Okres Senec;2013;1066;1020;988;926,5;4000,5
108;Okres Senec;2014;1139,5;1104,5;1056,5;1023;4323,5
108;Okres Senec;2015;1208,5;1203;1143,5;1098,5;4653,5
108;Okres Senec;2016;1249,5;1285,5;1241;1185,5;4961,5
108;Okres Senec;2017;1281,5;1312,5;1322;1286;5202
108;Okres Senec;2018;1347;1335,5;1349,5;1372,5;5404,5
108;Okres Senec;2019;1457,5;1404,5;1378,5;1406,5;5647
108;Okres Senec;2020;1600,5;1514;1447,5;1425,5;5987,5
108;Okres Senec;2021;1651,5;1666,5;1577;1515,5;6410,5
201;Okres Dunajská Streda;2000;1130;1166;1233;1326;4855
201;Okres Dunajská Streda;2001;1131;1147;1177;1229;4684
201;Okres Dunajská Streda;2002;1107;1137;1150;1183;4577
201;Okres Dunajská Streda;2003;1075;1115;1143;1157;4490
201;Okres Dunajská Streda;2004;1029;1081;1120;1149;4379
201;Okres Dunajská Streda;2005;1002;1034;1084;1124;4244
201;Okres Dunajská Streda;2006;982;1008;1038;1085;4113
201;Okres Dunajská Streda;2007;1014;989;1013;1041;4057
201;Okres Dunajská Streda;2008;1075;1019;999;1018;4111
201;Okres Dunajská Streda;2009;1091;1077;1032;1004;4204
201;Okres Dunajská Streda;2010;1076;1100;1084;1035;4295
201;Okres Dunajská Streda;2011;1073;1066,5;1084;1085,5;4309
201;Okres Dunajská Streda;2012;1161;1082;1074,5;1087,5;4405
201;Okres Dunajská Streda;2013;1179;1164;1095,5;1077;4515,5
201;Okres Dunajská Streda;2014;1164;1188;1168,5;1094,5;4615
201;Okres Dunajská Streda;2015;1165,5;1175;1191,5;1175;4707
201;Okres Dunajská Streda;2016;1152,5;1179;1184;1203,5;4719
201;Okres Dunajská Streda;2017;1168;1167;1191;1192,5;4718,5
201;Okres Dunajská Streda;2018;1189,5;1182,5;1180;1199;4751
201;Okres Dunajská Streda;2019;1242,5;1202;1197,5;1183,5;4825,5
201;Okres Dunajská Streda;2020;1262,5;1256;1209,5;1195;4923
201;Okres Dunajská Streda;2021;1272,5;1313,5;1299;1249;5134
202;Okres Galanta;2000;974;1012;1056;1119;4161
202;Okres Galanta;2001;957;990;1030;1076;4053
202;Okres Galanta;2002;922;963;995;1027;3907
202;Okres Galanta;2003;876;926;971;1000;3773
202;Okres Galanta;2004;819;885;938;980;3622
202;Okres Galanta;2005;773;825;889;937;3424
202;Okres Galanta;2006;803;775;823;887;3288
202;Okres Galanta;2007;810;805;777;826;3218
202;Okres Galanta;2008;811;820;807;779;3217
202;Okres Galanta;2009;849;823;818;810;3300
202;Okres Galanta;2010;852;852;824;824;3352
202;Okres Galanta;2011;842;831,5;835,5;804;3313
202;Okres Galanta;2012;877;840;838;837,5;3392,5
202;Okres Galanta;2013;865;873,5;840,5;831;3410
202;Okres Galanta;2014;894;861,5;870,5;838,5;3464,5
202;Okres Galanta;2015;910,5;891;862;872;3535,5
202;Okres Galanta;2016;868;913,5;893;863;3537,5
202;Okres Galanta;2017;888,5;873,5;915;890,5;3567,5
202;Okres Galanta;2018;913,5;894;879;913;3599,5
202;Okres Galanta;2019;910;917,5;901;881;3609,5
202;Okres Galanta;2020;935,5;914;921,5;908;3679
202;Okres Galanta;2021;955;951,5;923,5;936;3766
203;Okres Hlohovec;2000;471;475;513;569;2028
203;Okres Hlohovec;2001;449;474;481;520;1924
203;Okres Hlohovec;2002;438;447;476;480;1841
203;Okres Hlohovec;2003;447;438;450;473;1808
203;Okres Hlohovec;2004;418;449;439;453;1759
203;Okres Hlohovec;2005;392;418;447;444;1701
203;Okres Hlohovec;2006;382;391;418;449;1640
203;Okres Hlohovec;2007;402;383;389;416;1590
203;Okres Hlohovec;2008;412;399;380;389;1580
203;Okres Hlohovec;2009;422;411;395;381;1609
203;Okres Hlohovec;2010;424;423;406;392;1645
203;Okres Hlohovec;2011;439;426;425,5;412,5;1703
203;Okres Hlohovec;2012;443,5;442;425;425;1735,5
203;Okres Hlohovec;2013;457;442;444;427;1770
203;Okres Hlohovec;2014;469,5;455,5;444;445,5;1814,5
203;Okres Hlohovec;2015;450,5;467,5;453;445;1816
203;Okres Hlohovec;2016;441,5;451,5;465;454;1812
203;Okres Hlohovec;2017;431,5;439,5;452,5;466,5;1790
203;Okres Hlohovec;2018;428;429;441,5;450,5;1749
203;Okres Hlohovec;2019;426,5;432;432,5;440,5;1731,5
203;Okres Hlohovec;2020;408;429,5;436;434;1707,5
203;Okres Hlohovec;2021;416,5;411;434,5;443,5;1705,5
204;Okres Piešťany;2000;558;600;644;716;2518
204;Okres Piešťany;2001;538;567;610;650;2365
204;Okres Piešťany;2002;540;541;569;613;2263
204;Okres Piešťany;2003;540;543;543;572;2198
204;Okres Piešťany;2004;506;541;549;544;2140
204;Okres Piešťany;2005;492;507;542;550;2091
204;Okres Piešťany;2006;495;496;506;545;2042
204;Okres Piešťany;2007;524;500;496;511;2031
204;Okres Piešťany;2008;573;525;502;502;2102
204;Okres Piešťany;2009;559;577;529;506;2171
204;Okres Piešťany;2010;523;564;577;532;2196
204;Okres Piešťany;2011;535;498,5;523,5;532;2089
204;Okres Piešťany;2012;584,5;534,5;502;521,5;2142,5
204;Okres Piešťany;2013;569;582,5;542,5;509;2203
204;Okres Piešťany;2014;590,5;571,5;585;546;2293
204;Okres Piešťany;2015;576;589;572;582;2319
204;Okres Piešťany;2016;558;575;594;568;2295
204;Okres Piešťany;2017;584,5;563;580,5;594;2322
204;Okres Piešťany;2018;573,5;585,5;560,5;583,5;2303
204;Okres Piešťany;2019;568;573;578,5;562;2281,5
204;Okres Piešťany;2020;573,5;570;569,5;578;2291
204;Okres Piešťany;2021;603,5;593,5;589;597;2383
205;Okres Senica;2000;639;652;694;784;2769
205;Okres Senica;2001;617;641;660;691;2609
205;Okres Senica;2002;603;615;641;661;2520
205;Okres Senica;2003;571;601;617;643;2432
205;Okres Senica;2004;542;576;601;615;2334
205;Okres Senica;2005;539;549;575;598;2261
205;Okres Senica;2006;531;541;548;575;2195
205;Okres Senica;2007;558;531;537;549;2175
205;Okres Senica;2008;559;560;531;539;2189
205;Okres Senica;2009;554;564;564;534;2216
205;Okres Senica;2010;566;557;567;562;2252
205;Okres Senica;2011;572;571,5;561;558,5;2263
205;Okres Senica;2012;603,5;572;577,5;564,5;2317,5
205;Okres Senica;2013;614,5;602;577,5;581;2375
205;Okres Senica;2014;617;617,5;603,5;576,5;2414,5
205;Okres Senica;2015;610;616;617;600;2443
205;Okres Senica;2016;589;605,5;612;615;2421,5
205;Okres Senica;2017;609;589;602,5;611;2411,5
205;Okres Senica;2018;584,5;613;586,5;599;2383
205;Okres Senica;2019;563;587;613,5;586;2349,5
205;Okres Senica;2020;600;561,5;591;619,5;2372
205;Okres Senica;2021;610,5;618;582,5;600,5;2411,5
206;Okres Skalica;2000;480;508;531;610;2129
206;Okres Skalica;2001;486;485;525;545;2041
206;Okres Skalica;2002;480;487;486;527;1980
206;Okres Skalica;2003;451;483;491;486;1911
206;Okres Skalica;2004;432;453;486;491;1862
206;Okres Skalica;2005;400;433;455;488;1776
206;Okres Skalica;2006;426;402;435;458;1721
206;Okres Skalica;2007;447;424;404;435;1710
206;Okres Skalica;2008;427;444;426;406;1703
206;Okres Skalica;2009;424;426;444;428;1722
206;Okres Skalica;2010;433;423;423;447;1726
206;Okres Skalica;2011;463;431,5;418,5;427;1740
206;Okres Skalica;2012;486;462;434;418,5;1800,5
206;Okres Skalica;2013;484;484;460,5;434,5;1863
206;Okres Skalica;2014;472,5;482;487,5;461;1903
206;Okres Skalica;2015;483;473;485;487,5;1928,5
206;Okres Skalica;2016;509;488;474;483;1954
206;Okres Skalica;2017;505;513,5;489;470,5;1978
206;Okres Skalica;2018;496;506;514,5;488;2004,5
206;Okres Skalica;2019;491;490,5;506,5;512;2000
206;Okres Skalica;2020;474;490;489;504,5;1957,5
206;Okres Skalica;2021;493,5;485;502,5;497,5;1978,5
207;Okres Trnava;2000;1188;1263;1385;1506;5342
207;Okres Trnava;2001;1140;1195;1271;1397;5003
207;Okres Trnava;2002;1142;1139;1195;1277;4753
207;Okres Trnava;2003;1116;1145;1141;1197;4599
207;Okres Trnava;2004;1050;1122;1142;1142;4456
207;Okres Trnava;2005;1011;1052;1122;1140;4325
207;Okres Trnava;2006;1018;1015;1055;1120;4208
207;Okres Trnava;2007;1102;1021;1019;1058;4200
207;Okres Trnava;2008;1172;1102;1025;1022;4321
207;Okres Trnava;2009;1196;1168;1103;1028;4495
207;Okres Trnava;2010;1187;1192;1172;1108;4659
207;Okres Trnava;2011;1228;1193;1217;1205;4843
207;Okres Trnava;2012;1264;1233,5;1194,5;1217,5;4909,5
207;Okres Trnava;2013;1291;1271;1235;1195;4992
207;Okres Trnava;2014;1373,5;1293,5;1274;1232;5173
207;Okres Trnava;2015;1375;1380;1299;1276,5;5330,5
207;Okres Trnava;2016;1313;1382,5;1389;1308,5;5393
207;Okres Trnava;2017;1304,5;1326;1389,5;1395,5;5415,5
207;Okres Trnava;2018;1349,5;1313,5;1330,5;1389;5382,5
207;Okres Trnava;2019;1433,5;1361;1321,5;1333;5449
207;Okres Trnava;2020;1488;1446,5;1365,5;1324;5624
207;Okres Trnava;2021;1478;1495;1453;1371;5797
301;Okres Bánovce nad Bebravou;2000;377;389;442;494;1702
301;Okres Bánovce nad Bebravou;2001;380;388;404;459;1631
301;Okres Bánovce nad Bebravou;2002;371;381;385;404;1541
301;Okres Bánovce nad Bebravou;2003;370;370;379;384;1503
301;Okres Bánovce nad Bebravou;2004;354;367;366;378;1465
301;Okres Bánovce nad Bebravou;2005;346;353;364;365;1428
301;Okres Bánovce nad Bebravou;2006;352;346;351;361;1410
301;Okres Bánovce nad Bebravou;2007;347;354;346;349;1396
301;Okres Bánovce nad Bebravou;2008;333;348;356;345;1382
301;Okres Bánovce nad Bebravou;2009;321;332;351;353;1357
301;Okres Bánovce nad Bebravou;2010;347;322;332;347;1348
301;Okres Bánovce nad Bebravou;2011;372;344;319,5;332;1367,5
301;Okres Bánovce nad Bebravou;2012;363;369,5;343;318;1393,5
301;Okres Bánovce nad Bebravou;2013;356;361;368;339;1424
301;Okres Bánovce nad Bebravou;2014;370,5;357;360;362;1449,5
301;Okres Bánovce nad Bebravou;2015;375,5;372,5;356;357,5;1461,5
301;Okres Bánovce nad Bebravou;2016;357;375;374;356;1462
301;Okres Bánovce nad Bebravou;2017;331;356;376;372,5;1435,5
301;Okres Bánovce nad Bebravou;2018;329,5;331,5;356;373;1390
301;Okres Bánovce nad Bebravou;2019;364,5;328;330,5;354;1377
301;Okres Bánovce nad Bebravou;2020;366,5;358,5;327;330;1382
301;Okres Bánovce nad Bebravou;2021;333;369,5;360,5;330,5;1393,5
302;Okres Ilava;2000;602;608;680;797;2687
302;Okres Ilava;2001;574;621;630;692;2517
302;Okres Ilava;2002;527;571;619;628;2345
302;Okres Ilava;2003;540;525;573;615;2253
302;Okres Ilava;2004;522;540;531;571;2164
302;Okres Ilava;2005;480;524;538;532;2074
302;Okres Ilava;2006;455;478;522;536;1991
302;Okres Ilava;2007;472;449;478;516;1915
302;Okres Ilava;2008;481;465;446;474;1866
302;Okres Ilava;2009;498;478;463;445;1884
302;Okres Ilava;2010;532;492;478;462;1964
302;Okres Ilava;2011;544;521,5;492,5;480,5;2038,5
302;Okres Ilava;2012;573,5;544;521;492;2130,5
302;Okres Ilava;2013;576;568,5;543,5;520,5;2208,5
302;Okres Ilava;2014;620;573;564;537,5;2294,5
302;Okres Ilava;2015;602,5;618;568,5;560;2349
302;Okres Ilava;2016;580,5;594,5;614;567;2356
302;Okres Ilava;2017;592;574,5;592,5;611;2370
302;Okres Ilava;2018;565,5;594;575;592;2326,5
302;Okres Ilava;2019;568,5;568;591;573,5;2301
302;Okres Ilava;2020;576,5;567,5;563,5;588;2295,5
302;Okres Ilava;2021;561,5;581,5;567;569,5;2279,5
303;Okres Myjava;2000;253;250;287;325;1115
303;Okres Myjava;2001;257;262;263;295;1077
303;Okres Myjava;2002;243;255;264;260;1022
303;Okres Myjava;2003;230;240;256;261;987
303;Okres Myjava;2004;213;229;239;256;937
303;Okres Myjava;2005;202;210;226;239;877
303;Okres Myjava;2006;194;199;209;224;826
303;Okres Myjava;2007;196;196;198;208;798
303;Okres Myjava;2008;197;199;195;198;789
303;Okres Myjava;2009;212;195;199;195;801
303;Okres Myjava;2010;228;212;195;196;831
303;Okres Myjava;2011;214,5;225,5;205,5;198,5;844
303;Okres Myjava;2012;225;213;224;208;870
303;Okres Myjava;2013;238,5;221,5;210,5;223;893,5
303;Okres Myjava;2014;234,5;234,5;219,5;210;898,5
303;Okres Myjava;2015;238;232,5;233;221;924,5
303;Okres Myjava;2016;245;235;234,5;235;949,5
303;Okres Myjava;2017;223,5;239,5;236,5;233,5;933
303;Okres Myjava;2018;217;220;239;232;908
303;Okres Myjava;2019;227;215,5;218,5;237;898
303;Okres Myjava;2020;209;228;212,5;218;867,5
303;Okres Myjava;2021;210,5;217;233,5;222,5;883,5
304;Okres Nové Mesto nad Váhom;2000;572;595;637;714;2518
304;Okres Nové Mesto nad Váhom;2001;580;594;607;640;2421
304;Okres Nové Mesto nad Váhom;2002;568;577;597;605;2347
304;Okres Nové Mesto nad Váhom;2003;569;572;578;598;2317
304;Okres Nové Mesto nad Váhom;2004;530;573;573;581;2257
304;Okres Nové Mesto nad Váhom;2005;479;529;576;579;2163
304;Okres Nové Mesto nad Váhom;2006;477;479;533;584;2073
304;Okres Nové Mesto nad Váhom;2007;508;478;481;537;2004
304;Okres Nové Mesto nad Váhom;2008;524;512;482;484;2002
304;Okres Nové Mesto nad Váhom;2009;527;525;516;486;2054
304;Okres Nové Mesto nad Váhom;2010;530;524;526;517;2097
304;Okres Nové Mesto nad Váhom;2011;563,5;546;533;542;2184,5
304;Okres Nové Mesto nad Váhom;2012;592;563;544;536;2235
304;Okres Nové Mesto nad Váhom;2013;598;591,5;560,5;545;2295
304;Okres Nové Mesto nad Váhom;2014;599,5;599,5;593;560;2352
304;Okres Nové Mesto nad Váhom;2015;594;605;604;595;2398
304;Okres Nové Mesto nad Váhom;2016;570,5;597;607,5;608,5;2383,5
304;Okres Nové Mesto nad Váhom;2017;583,5;573;596,5;615;2368
304;Okres Nové Mesto nad Váhom;2018;613,5;588,5;573;603,5;2378,5
304;Okres Nové Mesto nad Váhom;2019;623,5;617,5;595,5;576;2412,5
304;Okres Nové Mesto nad Váhom;2020;590,5;625;626,5;600,5;2442,5
304;Okres Nové Mesto nad Váhom;2021;596;598,5;636;630,5;2461
305;Okres Partizánske;2000;468;471;484;546;1969
305;Okres Partizánske;2001;422;469;484;500;1875
305;Okres Partizánske;2002;428;417;469;486;1800
305;Okres Partizánske;2003;397;426;418;469;1710
305;Okres Partizánske;2004;356;400;425;418;1599
305;Okres Partizánske;2005;372;355;399;423;1549
305;Okres Partizánske;2006;375;368;356;399;1498
305;Okres Partizánske;2007;373;379;368;360;1480
305;Okres Partizánske;2008;374;379;378;370;1501
305;Okres Partizánske;2009;377;377;383;378;1515
305;Okres Partizánske;2010;391;377;378;382;1528
305;Okres Partizánske;2011;401,5;388,5;374,5;385;1549,5
305;Okres Partizánske;2012;423,5;400;391,5;374,5;1589,5
305;Okres Partizánske;2013;431,5;422;404,5;392,5;1650,5
305;Okres Partizánske;2014;421;432;426,5;404;1683,5
305;Okres Partizánske;2015;395;423;437,5;423,5;1679
305;Okres Partizánske;2016;390,5;397;425;433,5;1646
305;Okres Partizánske;2017;397,5;393,5;397;422;1610
305;Okres Partizánske;2018;386,5;402,5;399;398,5;1586,5
305;Okres Partizánske;2019;390,5;391,5;404,5;402;1588,5
305;Okres Partizánske;2020;408,5;392,5;390;404,5;1595,5
305;Okres Partizánske;2021;420;408,5;396;390;1614,5
306;Okres Považská Bystrica;2000;720;763;828;955;3266
306;Okres Považská Bystrica;2001;672;702;744;810;2928
306;Okres Považská Bystrica;2002;672;673;697;743;2785
306;Okres Považská Bystrica;2003;637;675;668;699;2679
306;Okres Považská Bystrica;2004;590;639;671;670;2570
306;Okres Považská Bystrica;2005;552;590;637;669;2448
306;Okres Považská Bystrica;2006;525;554;588;637;2304
306;Okres Považská Bystrica;2007;541;527;554;590;2212
306;Okres Považská Bystrica;2008;556;541;523;555;2175
306;Okres Považská Bystrica;2009;561;556;536;519;2172
306;Okres Považská Bystrica;2010;547;561;555;530;2193
306;Okres Považská Bystrica;2011;558,5;542,5;547;542;2190
306;Okres Považská Bystrica;2012;579,5;553,5;540,5;546;2219,5
306;Okres Považská Bystrica;2013;605;579,5;555,5;541,5;2281,5
306;Okres Považská Bystrica;2014;643;607,5;581,5;557,5;2389,5
306;Okres Považská Bystrica;2015;608,5;643;609;582,5;2443
306;Okres Považská Bystrica;2016;578;607,5;642;608,5;2436
306;Okres Považská Bystrica;2017;594,5;572;604,5;641,5;2412,5
306;Okres Považská Bystrica;2018;596,5;591,5;573;604;2365
306;Okres Považská Bystrica;2019;614,5;598;593;571,5;2377
306;Okres Považská Bystrica;2020;637,5;612;597,5;592;2439
306;Okres Považská Bystrica;2021;661,5;633,5;612;597,5;2504,5
307;Okres Prievidza;2000;1363;1395;1510;1725;5993
307;Okres Prievidza;2001;1296;1351;1403;1522;5572
307;Okres Prievidza;2002;1273;1292;1353;1398;5316
307;Okres Prievidza;2003;1244;1272;1295;1346;5157
307;Okres Prievidza;2004;1163;1245;1274;1285;4967
307;Okres Prievidza;2005;1079;1163;1249;1271;4762
307;Okres Prievidza;2006;1044;1080;1164;1253;4541
307;Okres Prievidza;2007;1061;1042;1080;1165;4348
307;Okres Prievidza;2008;1118;1062;1043;1080;4303
307;Okres Prievidza;2009;1122;1118;1064;1043;4347
307;Okres Prievidza;2010;1149;1125;1118;1061;4453
307;Okres Prievidza;2011;1206,5;1158,5;1132,5;1121,5;4619
307;Okres Prievidza;2012;1223;1205,5;1161,5;1139,5;4729,5
307;Okres Prievidza;2013;1237,5;1222;1210,5;1161,5;4831,5
307;Okres Prievidza;2014;1251,5;1235;1222;1206;4914,5
307;Okres Prievidza;2015;1187,5;1246;1231;1219,5;4884
307;Okres Prievidza;2016;1136;1188;1243;1224,5;4791,5
307;Okres Prievidza;2017;1140,5;1139;1190;1238;4707,5
307;Okres Prievidza;2018;1104;1136,5;1140;1189;4569,5
307;Okres Prievidza;2019;1149,5;1103;1139;1141,5;4533
307;Okres Prievidza;2020;1178,5;1153,5;1107,5;1143;4582,5
307;Okres Prievidza;2021;1150;1185;1168,5;1121;4624,5
308;Okres Púchov;2000;505;525;592;651;2273
308;Okres Púchov;2001;481;509;537;605;2132
308;Okres Púchov;2002;441;486;510;539;1976
308;Okres Púchov;2003;454;445;485;510;1894
308;Okres Púchov;2004;438;456;442;484;1820
308;Okres Púchov;2005;401;436;454;443;1734
308;Okres Púchov;2006;387;397;435;458;1677
308;Okres Púchov;2007;417;389;398;439;1643
308;Okres Púchov;2008;452;422;390;398;1662
308;Okres Púchov;2009;412;453;421;386;1672
308;Okres Púchov;2010;389;411;455;419;1674
308;Okres Púchov;2011;411;379;402;448,5;1640,5
308;Okres Púchov;2012;422,5;411;378,5;400,5;1612,5
308;Okres Púchov;2013;410;424;411;378,5;1623,5
308;Okres Púchov;2014;433,5;408;423;408;1672,5
308;Okres Púchov;2015;445,5;432;406,5;421;1705
308;Okres Púchov;2016;428;445,5;435,5;406,5;1715,5
308;Okres Púchov;2017;407,5;432,5;449,5;437;1726,5
308;Okres Púchov;2018;405;413,5;437;450,5;1706
308;Okres Púchov;2019;425;405;416,5;437,5;1684
308;Okres Púchov;2020;446;425,5;407,5;422,5;1701,5
308;Okres Púchov;2021;474,5;471;454;443,5;1843
309;Okres Trenčín;2000;1073;1102;1173;1313;4661
309;Okres Trenčín;2001;1000;1047;1094;1179;4320
309;Okres Trenčín;2002;990;1002;1048;1096;4136
309;Okres Trenčín;2003;1016;990;1003;1050;4059
309;Okres Trenčín;2004;961;1014;992;1004;3971
309;Okres Trenčín;2005;910;959;1017;992;3878
309;Okres Trenčín;2006;924;913;963;1016;3816
309;Okres Trenčín;2007;960;925;913;964;3762
309;Okres Trenčín;2008;1029;959;926;915;3829
309;Okres Trenčín;2009;1025;1032;966;927;3950
309;Okres Trenčín;2010;1007;1031;1038;974;4050
309;Okres Trenčín;2011;1042;1018,5;1029,5;1029;4119
309;Okres Trenčín;2012;1079,5;1046;1020,5;1034;4180
309;Okres Trenčín;2013;1125,5;1086,5;1055;1025;4292
309;Okres Trenčín;2014;1181,5;1126;1090;1061;4458,5
309;Okres Trenčín;2015;1128,5;1186;1127,5;1092,5;4534,5
309;Okres Trenčín;2016;1072,5;1143,5;1188,5;1130,5;4535
309;Okres Trenčín;2017;1111,5;1085;1149,5;1196,5;4542,5
309;Okres Trenčín;2018;1090,5;1117;1093;1153,5;4454
309;Okres Trenčín;2019;1084;1100;1121,5;1096,5;4402
309;Okres Trenčín;2020;1141;1098,5;1104,5;1129,5;4473,5
309;Okres Trenčín;2021;1147,5;1160,5;1123;1124;4555
401;Okres Komárno;2000;1098;1069;1063;1171;4401
401;Okres Komárno;2001;1006;1090;1078;1083;4257
401;Okres Komárno;2002;977;1005;1089;1080;4151
401;Okres Komárno;2003;942;978;1009;1092;4021
401;Okres Komárno;2004;870;943;980;1010;3803
401;Okres Komárno;2005;818;873;941;979;3611
401;Okres Komárno;2006;830;818;874;937;3459
401;Okres Komárno;2007;889;832;820;869;3410
401;Okres Komárno;2008;909;890;830;821;3450
401;Okres Komárno;2009;924;907;893;827;3551
401;Okres Komárno;2010;935;921;911;892;3659
401;Okres Komárno;2011;927,5;927;917,5;914,5;3686,5
401;Okres Komárno;2012;957,5;927;925,5;918;3728
401;Okres Komárno;2013;913,5;959,5;927,5;926;3726,5
401;Okres Komárno;2014;910;917;960,5;927,5;3715
401;Okres Komárno;2015;922,5;913;917,5;961,5;3714,5
401;Okres Komárno;2016;835,5;926;909;917,5;3588
401;Okres Komárno;2017;811;835,5;922;911,5;3480
401;Okres Komárno;2018;839,5;813,5;836,5;928,5;3418
401;Okres Komárno;2019;862;842;815;840,5;3359,5
401;Okres Komárno;2020;865,5;863;842,5;818;3389
401;Okres Komárno;2021;847,5;882,5;890;865,5;3485,5
402;Okres Levice;2000;1240;1264;1297;1405;5206
402;Okres Levice;2001;1187;1233;1259;1300;4979
402;Okres Levice;2002;1154;1187;1231;1261;4833
402;Okres Levice;2003;1095;1154;1183;1230;4662
402;Okres Levice;2004;1020;1099;1157;1183;4459
402;Okres Levice;2005;999;1026;1110;1159;4294
402;Okres Levice;2006;1011;1003;1027;1109;4150
402;Okres Levice;2007;981;1015;1001;1026;4023
402;Okres Levice;2008;1017;991;1015;1007;4030
402;Okres Levice;2009;1045;1019;983;1020;4067
402;Okres Levice;2010;1030;1035;1012;985;4062
402;Okres Levice;2011;1024;1030,5;1016,5;1015;4086
402;Okres Levice;2012;1048;1024;1018,5;1015;4105,5
402;Okres Levice;2013;1059,5;1050,5;1022,5;1008,5;4141
402;Okres Levice;2014;1056,5;1058,5;1052;1022,5;4189,5
402;Okres Levice;2015;1040;1054,5;1056;1052,5;4203
402;Okres Levice;2016;949;1041;1047,5;1052,5;4090
402;Okres Levice;2017;959,5;951,5;1037,5;1048;3996,5
402;Okres Levice;2018;1008;956;950;1042;3956
402;Okres Levice;2019;984,5;1005,5;951;954;3895
402;Okres Levice;2020;987,5;986,5;1002,5;954,5;3931
402;Okres Levice;2021;990;994,5;993;1019,5;3997
403;Okres Nitra;2000;1598;1637;1723;1936;6894
403;Okres Nitra;2001;1575;1608;1640;1720;6543
403;Okres Nitra;2002;1586;1580;1607;1649;6422
403;Okres Nitra;2003;1550;1593;1577;1620;6340
403;Okres Nitra;2004;1475;1551;1589;1584;6199
403;Okres Nitra;2005;1397;1469;1548;1589;6003
403;Okres Nitra;2006;1368;1393;1468;1548;5777
403;Okres Nitra;2007;1412;1366;1398;1472;5648
403;Okres Nitra;2008;1448;1417;1366;1402;5633
403;Okres Nitra;2009;1417;1460;1417;1369;5663
403;Okres Nitra;2010;1424;1422;1463;1422;5731
403;Okres Nitra;2011;1476;1374;1381,5;1425;5656,5
403;Okres Nitra;2012;1566,5;1486;1373,5;1384;5810
403;Okres Nitra;2013;1591,5;1571,5;1487,5;1379;6029,5
403;Okres Nitra;2014;1652,5;1598,5;1571,5;1492,5;6315
403;Okres Nitra;2015;1650,5;1659;1598;1576;6483,5
403;Okres Nitra;2016;1608;1653,5;1655,5;1598,5;6515,5
403;Okres Nitra;2017;1627;1609,5;1652;1656;6544,5
403;Okres Nitra;2018;1655,5;1631,5;1612;1649;6548
403;Okres Nitra;2019;1715,5;1674;1641;1616,5;6647
403;Okres Nitra;2020;1743;1732;1688;1647;6810
403;Okres Nitra;2021;1754;1763,5;1743,5;1696,5;6957,5
404;Okres Nové Zámky;2000;1468;1466;1490;1604;6028
404;Okres Nové Zámky;2001;1395;1466;1472;1491;5824
404;Okres Nové Zámky;2002;1328;1401;1463;1470;5662
404;Okres Nové Zámky;2003;1281;1334;1395;1467;5477
404;Okres Nové Zámky;2004;1221;1287;1330;1396;5234
404;Okres Nové Zámky;2005;1200;1229;1291;1333;5053
404;Okres Nové Zámky;2006;1207;1206;1233;1295;4941
404;Okres Nové Zámky;2007;1190;1206;1201;1234;4831
404;Okres Nové Zámky;2008;1180;1183;1205;1201;4769
404;Okres Nové Zámky;2009;1181;1185;1186;1202;4754
404;Okres Nové Zámky;2010;1194;1189;1184;1183;4750
404;Okres Nové Zámky;2011;1239;1186,5;1173,5;1169;4768
404;Okres Nové Zámky;2012;1294,5;1239;1186,5;1176,5;4896,5
404;Okres Nové Zámky;2013;1278,5;1294,5;1233;1192;4998
404;Okres Nové Zámky;2014;1267,5;1274;1287;1232;5060,5
404;Okres Nové Zámky;2015;1230;1262,5;1274;1287,5;5054
404;Okres Nové Zámky;2016;1159;1225,5;1267,5;1277;4929
404;Okres Nové Zámky;2017;1189;1151,5;1228;1261;4829,5
404;Okres Nové Zámky;2018;1187,5;1189;1150;1219,5;4746
404;Okres Nové Zámky;2019;1186,5;1187,5;1187;1145;4706
404;Okres Nové Zámky;2020;1247,5;1185;1190;1185,5;4808
404;Okres Nové Zámky;2021;1216,5;1261,5;1211,5;1221,5;4911
405;Okres Šaľa;2000;544;557;599;658;2358
405;Okres Šaľa;2001;534;545;569;614;2262
405;Okres Šaľa;2002;524;534;547;570;2175
405;Okres Šaľa;2003;499;525;535;547;2106
405;Okres Šaľa;2004;466;501;528;540;2035
405;Okres Šaľa;2005;440;469;505;533;1947
405;Okres Šaľa;2006;473;443;470;503;1889
405;Okres Šaľa;2007;496;472;444;465;1877
405;Okres Šaľa;2008;503;494;470;444;1911
405;Okres Šaľa;2009;502;499;490;472;1963
405;Okres Šaľa;2010;494;499;497;490;1980
405;Okres Šaľa;2011;526;490,5;506;514,5;2037
405;Okres Šaľa;2012;528,5;523;484,5;505;2041
405;Okres Šaľa;2013;498;529;517,5;479;2023,5
405;Okres Šaľa;2014;520,5;499,5;525,5;512,5;2058
405;Okres Šaľa;2015;515;521,5;494,5;521,5;2052,5
405;Okres Šaľa;2016;482,5;513;519;489,5;2004
405;Okres Šaľa;2017;480;481;510;518;1989
405;Okres Šaľa;2018;479,5;480;476;511,5;1947
405;Okres Šaľa;2019;470;476;477,5;477;1900,5
405;Okres Šaľa;2020;496;469;475,5;478,5;1919
405;Okres Šaľa;2021;493;506,5;476;484,5;1960
406;Okres Topoľčany;2000;757;792;811;857;3217
406;Okres Topoľčany;2001;674;734;782;799;2989
406;Okres Topoľčany;2002;661;672;735;779;2847
406;Okres Topoľčany;2003;659;662;674;737;2732
406;Okres Topoľčany;2004;619;659;665;675;2618
406;Okres Topoľčany;2005;615;618;660;663;2556
406;Okres Topoľčany;2006;616;616;620;655;2507
406;Okres Topoľčany;2007;604;615;621;615;2455
406;Okres Topoľčany;2008;619;602;618;619;2458
406;Okres Topoľčany;2009;654;618;603;620;2495
406;Okres Topoľčany;2010;660;655;617;603;2535
406;Okres Topoľčany;2011;655;657;641,5;602,5;2556
406;Okres Topoľčany;2012;701,5;656,5;654,5;639,5;2652
406;Okres Topoľčany;2013;705;703,5;657,5;649;2715
406;Okres Topoľčany;2014;693;700,5;706;656,5;2756
406;Okres Topoľčany;2015;646;692;703;701;2742
406;Okres Topoľčany;2016;622,5;647,5;690,5;698,5;2659
406;Okres Topoľčany;2017;626;621,5;644,5;686;2578
406;Okres Topoľčany;2018;584;626,5;617;645;2472,5
406;Okres Topoľčany;2019;579;585;623,5;619;2406,5
406;Okres Topoľčany;2020;594;582;584;622,5;2382,5
406;Okres Topoľčany;2021;610;612,5;593,5;600,5;2416,5
407;Okres Zlaté Moravce;2000;425;467;492;561;1945
407;Okres Zlaté Moravce;2001;404;446;496;510;1856
407;Okres Zlaté Moravce;2002;409;403;448;493;1753
407;Okres Zlaté Moravce;2003;417;408;402;444;1671
407;Okres Zlaté Moravce;2004;375;418;410;399;1602
407;Okres Zlaté Moravce;2005;334;377;418;408;1537
407;Okres Zlaté Moravce;2006;340;336;377;417;1470
407;Okres Zlaté Moravce;2007;344;340;338;376;1398
407;Okres Zlaté Moravce;2008;359;343;342;334;1378
407;Okres Zlaté Moravce;2009;359;357;341;340;1397
407;Okres Zlaté Moravce;2010;340;355;357;344;1396
407;Okres Zlaté Moravce;2011;340,5;330;351,5;354;1376
407;Okres Zlaté Moravce;2012;352;343;332;349,5;1376,5
407;Okres Zlaté Moravce;2013;364,5;356;345,5;332,5;1398,5
407;Okres Zlaté Moravce;2014;380,5;366,5;353,5;348;1448,5
407;Okres Zlaté Moravce;2015;380,5;382;364,5;356;1483
407;Okres Zlaté Moravce;2016;364,5;380,5;381,5;364;1490,5
407;Okres Zlaté Moravce;2017;364,5;364,5;380,5;382,5;1492
407;Okres Zlaté Moravce;2018;353;362;367,5;383,5;1466
407;Okres Zlaté Moravce;2019;371;351,5;365;369;1456,5
407;Okres Zlaté Moravce;2020;404,5;374,5;355;367,5;1501,5
407;Okres Zlaté Moravce;2021;410,5;412;387,5;364,5;1574,5
510;Okres Tvrdošín;2000;509;531;540;579;2159
510;Okres Tvrdošín;2001;488;521;542;545;2096
510;Okres Tvrdošín;2002;483;486;518;540;2027
510;Okres Tvrdošín;2003;484;483;484;516;1967
510;Okres Tvrdošín;2004;462;484;481;484;1911
510;Okres Tvrdošín;2005;447;461;481;481;1870
510;Okres Tvrdošín;2006;430;447;460;480;1817
510;Okres Tvrdošín;2007;433;431;447;459;1770
510;Okres Tvrdošín;2008;432;432;431;446;1741
510;Okres Tvrdošín;2009;426;432;434;432;1724
510;Okres Tvrdošín;2010;417;427;433;433;1710
510;Okres Tvrdošín;2011;411,5;420,5;427,5;432;1691,5
510;Okres Tvrdošín;2012;430;410;421;425,5;1686,5
510;Okres Tvrdošín;2013;437;425,5;410,5;419,5;1692,5
510;Okres Tvrdošín;2014;441;438;425,5;409;1713,5
510;Okres Tvrdošín;2015;441,5;440;433,5;421,5;1736,5
510;Okres Tvrdošín;2016;408,5;440,5;438;429,5;1716,5
510;Okres Tvrdošín;2017;399;411;441;434,5;1685,5
510;Okres Tvrdošín;2018;396,5;401;412,5;438;1648
510;Okres Tvrdošín;2019;399,5;397;403,5;411;1611
510;Okres Tvrdošín;2020;431,5;399,5;394,5;400;1625,5
510;Okres Tvrdošín;2021;436;435,5;404;402;1677,5
511;Okres Žilina;2000;1743;1813;1853;1993;7402
511;Okres Žilina;2001;1625;1703;1795;1834;6957
511;Okres Žilina;2002;1623;1625;1707;1797;6752
511;Okres Žilina;2003;1572;1625;1635;1711;6543
511;Okres Žilina;2004;1471;1576;1627;1646;6320
511;Okres Žilina;2005;1415;1478;1573;1642;6108
511;Okres Žilina;2006;1426;1421;1476;1579;5902
511;Okres Žilina;2007;1441;1423;1417;1476;5757
511;Okres Žilina;2008;1474;1437;1422;1413;5746
511;Okres Žilina;2009;1492;1473;1440;1418;5823
511;Okres Žilina;2010;1511;1491;1472;1444;5918
511;Okres Žilina;2011;1513,5;1472,5;1465,5;1462;5913,5
511;Okres Žilina;2012;1615;1516,5;1472;1466,5;6070
511;Okres Žilina;2013;1700,5;1627;1517,5;1475,5;6320,5
511;Okres Žilina;2014;1762,5;1709;1629;1525;6625,5
511;Okres Žilina;2015;1785,5;1768,5;1710,5;1633,5;6898
511;Okres Žilina;2016;1710;1790;1769;1712,5;6981,5
511;Okres Žilina;2017;1667,5;1713,5;1794,5;1775;6950,5
511;Okres Žilina;2018;1711,5;1672;1726;1803;6912,5
511;Okres Žilina;2019;1779;1713;1682,5;1734;6908,5
511;Okres Žilina;2020;1809;1783;1715;1687;6994
511;Okres Žilina;2021;1823;1833;1799,5;1734;7189,5
501;Okres Bytča;2000;385;395;428;472;1680
501;Okres Bytča;2001;409;404;421;447;1681
501;Okres Bytča;2002;399;407;407;420;1633
501;Okres Bytča;2003;367;396;410;406;1579
501;Okres Bytča;2004;340;366;400;411;1517
501;Okres Bytča;2005;334;343;370;400;1447
501;Okres Bytča;2006;335;337;345;370;1387
501;Okres Bytča;2007;331;337;338;340;1346
501;Okres Bytča;2008;342;331;338;333;1344
501;Okres Bytča;2009;335;342;330;339;1346
501;Okres Bytča;2010;328;335;342;333;1338
501;Okres Bytča;2011;348;329;334;338,5;1349,5
501;Okres Bytča;2012;346;351,5;329;332,5;1359
501;Okres Bytča;2013;316,5;347;353,5;326,5;1343,5
501;Okres Bytča;2014;309,5;318;349;354,5;1331
501;Okres Bytča;2015;313,5;312,5;319;348,5;1293,5
501;Okres Bytča;2016;304,5;316;314,5;316,5;1251,5
501;Okres Bytča;2017;310,5;305,5;320;311,5;1247,5
501;Okres Bytča;2018;326;311,5;308;319,5;1265
501;Okres Bytča;2019;331;329,5;312,5;307;1280
501;Okres Bytča;2020;354;335,5;330,5;313;1333
501;Okres Bytča;2021;371,5;358;340,5;335;1405
502;Okres Čadca;2000;1198;1208;1250;1366;5022
502;Okres Čadca;2001;1149;1181;1203;1257;4790
502;Okres Čadca;2002;1102;1147;1181;1202;4632
502;Okres Čadca;2003;1098;1096;1145;1179;4518
502;Okres Čadca;2004;1056;1094;1092;1141;4383
502;Okres Čadca;2005;968;1056;1092;1088;4204
502;Okres Čadca;2006;976;970;1053;1090;4089
502;Okres Čadca;2007;996;977;970;1057;4000
502;Okres Čadca;2008;954;993;975;972;3894
502;Okres Čadca;2009;915;953;989;974;3831
502;Okres Čadca;2010;914;916;953;986;3769
502;Okres Čadca;2011;950,5;914;925;965;3754,5
502;Okres Čadca;2012;975;940,5;912,5;924,5;3752,5
502;Okres Čadca;2013;926;967,5;935;912;3740,5
502;Okres Čadca;2014;880,5;919,5;961;937;3698
502;Okres Čadca;2015;883;880;920,5;959,5;3643
502;Okres Čadca;2016;864;881,5;880;917;3542,5
502;Okres Čadca;2017;860,5;862;878,5;879,5;3480,5
502;Okres Čadca;2018;855;858;862;879;3454
502;Okres Čadca;2019;848;848,5;859;860,5;3416
502;Okres Čadca;2020;865,5;844;848;855,5;3413
502;Okres Čadca;2021;906;871,5;849,5;854,5;3481,5
503;Okres Dolný Kubín;2000;494;491;534;597;2116
503;Okres Dolný Kubín;2001;465;494;490;536;1985
503;Okres Dolný Kubín;2002;454;463;490;492;1899
503;Okres Dolný Kubín;2003;463;452;463;488;1866
503;Okres Dolný Kubín;2004;447;463;450;458;1818
503;Okres Dolný Kubín;2005;429;448;461;446;1784
503;Okres Dolný Kubín;2006;409;431;449;459;1748
503;Okres Dolný Kubín;2007;416;409;432;447;1704
503;Okres Dolný Kubín;2008;413;417;407;430;1667
503;Okres Dolný Kubín;2009;399;413;415;406;1633
503;Okres Dolný Kubín;2010;401;396;415;415;1627
503;Okres Dolný Kubín;2011;425;400,5;396,5;422,5;1644,5
503;Okres Dolný Kubín;2012;426,5;422;399,5;396;1644
503;Okres Dolný Kubín;2013;429,5;427,5;426;399;1682
503;Okres Dolný Kubín;2014;448,5;429,5;428,5;424;1730,5
503;Okres Dolný Kubín;2015;432,5;447,5;433;430;1743
503;Okres Dolný Kubín;2016;416,5;430,5;451;435,5;1733,5
503;Okres Dolný Kubín;2017;417;415,5;432,5;452;1717
503;Okres Dolný Kubín;2018;407,5;417;417,5;435;1677
503;Okres Dolný Kubín;2019;410,5;407,5;418,5;422,5;1659
503;Okres Dolný Kubín;2020;426;414,5;409;424,5;1674
503;Okres Dolný Kubín;2021;448;433,5;420;414;1715,5
504;Okres Kysucké Nové Mesto;2000;382;391;436;469;1678
504;Okres Kysucké Nové Mesto;2001;430;407;421;447;1705
504;Okres Kysucké Nové Mesto;2002;403;429;406;418;1656
504;Okres Kysucké Nové Mesto;2003;377;402;426;405;1610
504;Okres Kysucké Nové Mesto;2004;365;382;405;429;1581
504;Okres Kysucké Nové Mesto;2005;351;367;383;405;1506
504;Okres Kysucké Nové Mesto;2006;334;348;368;381;1431
504;Okres Kysucké Nové Mesto;2007;332;333;348;365;1378
504;Okres Kysucké Nové Mesto;2008;337;332;333;346;1348
504;Okres Kysucké Nové Mesto;2009;332;340;330;330;1332
504;Okres Kysucké Nové Mesto;2010;325;332;335;327;1319
504;Okres Kysucké Nové Mesto;2011;336,5;324;330;329,5;1320
504;Okres Kysucké Nové Mesto;2012;354;340,5;324,5;330;1349
504;Okres Kysucké Nové Mesto;2013;332,5;360,5;340,5;326;1359,5
504;Okres Kysucké Nové Mesto;2014;341,5;338;360;340;1379,5
504;Okres Kysucké Nové Mesto;2015;340;342;337;361;1380
504;Okres Kysucké Nové Mesto;2016;325,5;342,5;342;341;1351
504;Okres Kysucké Nové Mesto;2017;311;327,5;341;345;1324,5
504;Okres Kysucké Nové Mesto;2018;297;313;325,5;339;1274,5
504;Okres Kysucké Nové Mesto;2019;320,5;302;312;321,5;1256
504;Okres Kysucké Nové Mesto;2020;325;324;303,5;313,5;1266
504;Okres Kysucké Nové Mesto;2021;338;327;327;305;1297
505;Okres Liptovský Mikuláš;2000;764;747;822;945;3278
505;Okres Liptovský Mikuláš;2001;718;749;739;835;3041
505;Okres Liptovský Mikuláš;2002;704;722;748;739;2913
505;Okres Liptovský Mikuláš;2003;691;705;726;745;2867
505;Okres Liptovský Mikuláš;2004;628;692;707;725;2752
505;Okres Liptovský Mikuláš;2005;615;628;685;708;2636
505;Okres Liptovský Mikuláš;2006;632;617;625;685;2559
505;Okres Liptovský Mikuláš;2007;641;636;622;625;2524
505;Okres Liptovský Mikuláš;2008;658;643;637;619;2557
505;Okres Liptovský Mikuláš;2009;671;658;643;638;2610
505;Okres Liptovský Mikuláš;2010;664;673;661;647;2645
505;Okres Liptovský Mikuláš;2011;665,5;645,5;676,5;660,5;2648
505;Okres Liptovský Mikuláš;2012;677,5;661;650,5;675;2664
505;Okres Liptovský Mikuláš;2013;658;681;668;653,5;2660,5
505;Okres Liptovský Mikuláš;2014;707,5;660;684;670,5;2722
505;Okres Liptovský Mikuláš;2015;733,5;704,5;656,5;685;2779,5
505;Okres Liptovský Mikuláš;2016;685;733;703,5;656,5;2778
505;Okres Liptovský Mikuláš;2017;651;687,5;738,5;702,5;2779,5
505;Okres Liptovský Mikuláš;2018;658;658;694,5;741,5;2752
505;Okres Liptovský Mikuláš;2019;676;666;663;700,5;2705,5
505;Okres Liptovský Mikuláš;2020;669,5;681,5;671,5;666,5;2689
505;Okres Liptovský Mikuláš;2021;690;688,5;697;686,5;2762
506;Okres Martin;2000;919;989;1080;1202;4190
506;Okres Martin;2001;920;932;999;1079;3930
506;Okres Martin;2002;911;920;934;1004;3769
506;Okres Martin;2003;896;909;916;931;3652
506;Okres Martin;2004;890;897;900;917;3604
506;Okres Martin;2005;886;891;896;904;3577
506;Okres Martin;2006;882;883;893;895;3553
506;Okres Martin;2007;882;882;882;890;3536
506;Okres Martin;2008;875;885;879;881;3520
506;Okres Martin;2009;858;871;883;879;3491
506;Okres Martin;2010;861;854;869;884;3468
506;Okres Martin;2011;901;861;858,5;873,5;3494
506;Okres Martin;2012;928,5;906;859,5;853;3547
506;Okres Martin;2013;946;932;905,5;860,5;3644
506;Okres Martin;2014;1008,5;943,5;932;908;3792
506;Okres Martin;2015;983;1006;942,5;935,5;3867
506;Okres Martin;2016;916;981,5;1005,5;943;3846
506;Okres Martin;2017;896,5;917,5;980,5;1003,5;3798
506;Okres Martin;2018;924,5;896;911,5;979;3711
506;Okres Martin;2019;959,5;918,5;890;913;3681
506;Okres Martin;2020;927;951,5;921;892;3691,5
506;Okres Martin;2021;907,5;926,5;961,5;921,5;3717
507;Okres Námestovo;2000;965;1006;1073;1157;4201
507;Okres Námestovo;2001;1005;973;1023;1083;4084
507;Okres Námestovo;2002;1006;1005;970;1018;3999
507;Okres Námestovo;2003;974;1003;1000;964;3941
507;Okres Námestovo;2004;926;970;1005;1000;3901
507;Okres Námestovo;2005;894;921;970;1005;3790
507;Okres Námestovo;2006;886;891;919;970;3666
507;Okres Námestovo;2007;875;884;887;919;3565
507;Okres Námestovo;2008;878;873;882;888;3521
507;Okres Námestovo;2009;856;878;871;882;3487
507;Okres Námestovo;2010;840;856;873;869;3438
507;Okres Námestovo;2011;860;838,5;843,5;872;3414
507;Okres Námestovo;2012;915;857,5;839,5;845;3457
507;Okres Námestovo;2013;922,5;912;857,5;837,5;3529,5
507;Okres Námestovo;2014;917;922;911;855,5;3605,5
507;Okres Námestovo;2015;907,5;918;921;909,5;3656
507;Okres Námestovo;2016;853,5;908;916;920,5;3598
507;Okres Námestovo;2017;832,5;850,5;904,5;915;3502,5
507;Okres Námestovo;2018;869;830;845,5;900,5;3445
507;Okres Námestovo;2019;928;866,5;825;841;3460,5
507;Okres Námestovo;2020;947;926,5;864;823;3560,5
507;Okres Námestovo;2021;935,5;956;935,5;872,5;3699,5
508;Okres Ružomberok;2000;658;688;732;798;2876
508;Okres Ružomberok;2001;640;679;715;741;2775
508;Okres Ružomberok;2002;641;639;677;715;2672
508;Okres Ružomberok;2003;615;643;640;681;2579
508;Okres Ružomberok;2004;576;618;646;643;2483
508;Okres Ružomberok;2005;537;576;621;644;2378
508;Okres Ružomberok;2006;542;536;580;621;2279
508;Okres Ružomberok;2007;576;543;536;581;2236
508;Okres Ružomberok;2008;620;579;541;538;2278
508;Okres Ružomberok;2009;592;621;579;545;2337
508;Okres Ružomberok;2010;558;591;620;578;2347
508;Okres Ružomberok;2011;536;532;569;594,5;2231,5
508;Okres Ružomberok;2012;561,5;537,5;530,5;567;2196,5
508;Okres Ružomberok;2013;567;563;537,5;527;2194,5
508;Okres Ružomberok;2014;566;567;563,5;533,5;2230
508;Okres Ružomberok;2015;569;568,5;570,5;559;2267
508;Okres Ružomberok;2016;540;571;572;565;2248
508;Okres Ružomberok;2017;523,5;537,5;572;563,5;2196,5
508;Okres Ružomberok;2018;533;519,5;537,5;567,5;2157,5
508;Okres Ružomberok;2019;563,5;532,5;521;536;2153
508;Okres Ružomberok;2020;583;562,5;534,5;521;2201
508;Okres Ružomberok;2021;625;593,5;571,5;545;2335
509;Okres Turčianske Teplice;2000;154;160;178;195;687
509;Okres Turčianske Teplice;2001;167;162;171;189;689
509;Okres Turčianske Teplice;2002;164;168;163;172;667
509;Okres Turčianske Teplice;2003;155;164;166;162;647
509;Okres Turčianske Teplice;2004;147;158;169;168;642
509;Okres Turčianske Teplice;2005;132;147;158;170;607
509;Okres Turčianske Teplice;2006;131;131;148;158;568
509;Okres Turčianske Teplice;2007;134;131;133;148;546
509;Okres Turčianske Teplice;2008;133;135;132;135;535
509;Okres Turčianske Teplice;2009;141;134;134;133;542
509;Okres Turčianske Teplice;2010;143;140;133;133;549
509;Okres Turčianske Teplice;2011;141,5;141,5;137;130,5;550,5
509;Okres Turčianske Teplice;2012;144;141,5;144,5;140;570
509;Okres Turčianske Teplice;2013;138,5;145,5;141,5;141,5;567
509;Okres Turčianske Teplice;2014;143;139,5;145;138,5;566
509;Okres Turčianske Teplice;2015;145,5;141;139;143,5;569
509;Okres Turčianske Teplice;2016;133;143;142;137;555
509;Okres Turčianske Teplice;2017;132,5;131,5;145;141;550
509;Okres Turčianske Teplice;2018;139;132;134,5;146;551,5
509;Okres Turčianske Teplice;2019;137,5;140;132,5;136,5;546,5
509;Okres Turčianske Teplice;2020;140,5;139,5;137,5;133,5;551
509;Okres Turčianske Teplice;2021;147,5;146;142;142;577,5
610;Okres Veľký Krtíš;2000;493;505;550;618;2166
610;Okres Veľký Krtíš;2001;482;492;511;568;2053
610;Okres Veľký Krtíš;2002;470;483;490;514;1957
610;Okres Veľký Krtíš;2003;455;473;485;493;1906
610;Okres Veľký Krtíš;2004;423;461;475;487;1846
610;Okres Veľký Krtíš;2005;393;428;460;478;1759
610;Okres Veľký Krtíš;2006;381;397;428;461;1667
610;Okres Veľký Krtíš;2007;400;390;398;426;1614
610;Okres Veľký Krtíš;2008;406;405;391;395;1597
610;Okres Veľký Krtíš;2009;384;407;408;392;1591
610;Okres Veľký Krtíš;2010;383;387;407;408;1585
610;Okres Veľký Krtíš;2011;402;396,5;399,5;413,5;1611,5
610;Okres Veľký Krtíš;2012;430;403,5;395;398,5;1627
610;Okres Veľký Krtíš;2013;416,5;428,5;399,5;395,5;1640
610;Okres Veľký Krtíš;2014;397,5;417;427;397,5;1639
610;Okres Veľký Krtíš;2015;393;398,5;414,5;426,5;1632,5
610;Okres Veľký Krtíš;2016;382;393;397;416;1588
610;Okres Veľký Krtíš;2017;380,5;381;392,5;397,5;1551,5
610;Okres Veľký Krtíš;2018;371;381,5;377,5;392,5;1522,5
610;Okres Veľký Krtíš;2019;370,5;373;382;375;1500,5
610;Okres Veľký Krtíš;2020;360,5;374;376;380;1490,5
610;Okres Veľký Krtíš;2021;374,5;372,5;383;386;1516
611;Okres Zvolen;2000;671;699;726;809;2905
611;Okres Zvolen;2001;607;633;662;693;2595
611;Okres Zvolen;2002;625;608;638;665;2536
611;Okres Zvolen;2003;617;628;613;636;2494
611;Okres Zvolen;2004;572;619;628;614;2433
611;Okres Zvolen;2005;560;572;621;630;2383
611;Okres Zvolen;2006;573;561;577;621;2332
611;Okres Zvolen;2007;597;576;563;577;2313
611;Okres Zvolen;2008;606;597;578;561;2342
611;Okres Zvolen;2009;593;605;598;580;2376
611;Okres Zvolen;2010;612;594;601;604;2411
611;Okres Zvolen;2011;651,5;624,5;602,5;611,5;2490
611;Okres Zvolen;2012;663;649;624;601;2537
611;Okres Zvolen;2013;620;663,5;649;630;2562,5
611;Okres Zvolen;2014;625,5;623;663;654,5;2566
611;Okres Zvolen;2015;632,5;631,5;624;670;2558
611;Okres Zvolen;2016;598,5;637;628;627,5;2491
611;Okres Zvolen;2017;608;604,5;634;623,5;2470
611;Okres Zvolen;2018;597;615,5;606,5;630,5;2449,5
611;Okres Zvolen;2019;623;600,5;614,5;605;2443
611;Okres Zvolen;2020;656,5;623;602;610,5;2492
611;Okres Zvolen;2021;637,5;660;635,5;610,5;2543,5
612;Okres Žarnovica;2000;280;287;315;330;1212
612;Okres Žarnovica;2001;284;288;296;322;1190
612;Okres Žarnovica;2002;276;284;287;296;1143
612;Okres Žarnovica;2003;278;272;282;286;1118
612;Okres Žarnovica;2004;264;271;271;282;1088
612;Okres Žarnovica;2005;248;258;271;272;1049
612;Okres Žarnovica;2006;231;243;260;274;1008
612;Okres Žarnovica;2007;224;228;242;262;956
612;Okres Žarnovica;2008;228;224;226;242;920
612;Okres Žarnovica;2009;221;229;224;227;901
612;Okres Žarnovica;2010;223;221;229;223;896
612;Okres Žarnovica;2011;237;226;227;237,5;927,5
612;Okres Žarnovica;2012;239,5;238,5;226,5;226,5;931
612;Okres Žarnovica;2013;250,5;240,5;236;224,5;951,5
612;Okres Žarnovica;2014;249;249;240;235;973
612;Okres Žarnovica;2015;231;246,5;247;239,5;964
612;Okres Žarnovica;2016;228,5;230,5;243;247,5;949,5
612;Okres Žarnovica;2017;222;229,5;230,5;241,5;923,5
612;Okres Žarnovica;2018;211;224;230,5;229;894,5
612;Okres Žarnovica;2019;220;211,5;224,5;229;885
612;Okres Žarnovica;2020;239,5;223;215,5;223;901
612;Okres Žarnovica;2021;236,5;244;227,5;220;928
613;Okres Žiar nad Hronom;2000;479;525;545;589;2138
613;Okres Žiar nad Hronom;2001;427;484;525;546;1982
613;Okres Žiar nad Hronom;2002;433;430;485;522;1870
613;Okres Žiar nad Hronom;2003;445;435;429;485;1794
613;Okres Žiar nad Hronom;2004;412;447;433;433;1725
613;Okres Žiar nad Hronom;2005;379;414;449;436;1678
613;Okres Žiar nad Hronom;2006;400;381;422;450;1653
613;Okres Žiar nad Hronom;2007;431;402;386;422;1641
613;Okres Žiar nad Hronom;2008;420;427;398;385;1630
613;Okres Žiar nad Hronom;2009;402;415;425;399;1641
613;Okres Žiar nad Hronom;2010;407;397;414;423;1641
613;Okres Žiar nad Hronom;2011;448,5;420,5;419;435,5;1723,5
613;Okres Žiar nad Hronom;2012;448;444,5;420,5;418;1731
613;Okres Žiar nad Hronom;2013;450,5;446;444;420,5;1761
613;Okres Žiar nad Hronom;2014;442,5;451,5;443;444;1781
613;Okres Žiar nad Hronom;2015;403,5;443,5;451,5;442;1740,5
613;Okres Žiar nad Hronom;2016;398;404,5;442,5;451,5;1696,5
613;Okres Žiar nad Hronom;2017;411;398,5;402;446,5;1658
613;Okres Žiar nad Hronom;2018;411;412,5;397,5;406;1627
613;Okres Žiar nad Hronom;2019;413,5;413;415,5;395,5;1637,5
613;Okres Žiar nad Hronom;2020;440,5;413;416,5;409;1679
613;Okres Žiar nad Hronom;2021;445;442;406;408;1701
601;Okres Banská Bystrica;2000;993;1033;1095;1207;4328
601;Okres Banská Bystrica;2001;962;969;1028;1101;4060
601;Okres Banská Bystrica;2002;941;962;969;1025;3897
601;Okres Banská Bystrica;2003;884;943;956;969;3752
601;Okres Banská Bystrica;2004;870;880;939;960;3649
601;Okres Banská Bystrica;2005;845;866;883;936;3530
601;Okres Banská Bystrica;2006;820;843;869;879;3411
601;Okres Banská Bystrica;2007;870;816;846;874;3406
601;Okres Banská Bystrica;2008;914;870;819;853;3456
601;Okres Banská Bystrica;2009;888;917;872;821;3498
601;Okres Banská Bystrica;2010;934;890;916;870;3610
601;Okres Banská Bystrica;2011;991,5;949,5;899,5;936;3776,5
601;Okres Banská Bystrica;2012;998;989,5;946,5;902,5;3836,5
601;Okres Banská Bystrica;2013;1046,5;1005,5;993;948,5;3993,5
601;Okres Banská Bystrica;2014;1085;1050;1012,5;989;4136,5
601;Okres Banská Bystrica;2015;1065;1080,5;1049,5;1004,5;4199,5
601;Okres Banská Bystrica;2016;1027,5;1060;1078;1042,5;4208
601;Okres Banská Bystrica;2017;1031,5;1020;1056;1076;4183,5
601;Okres Banská Bystrica;2018;1040,5;1030,5;1013;1056,5;4140,5
601;Okres Banská Bystrica;2019;1069;1042;1028,5;1012;4151,5
601;Okres Banská Bystrica;2020;1073,5;1072;1044,5;1028,5;4218,5
601;Okres Banská Bystrica;2021;1084;1085;1068,5;1045,5;4283
602;Okres Banská Štiavnica;2000;160;166;186;228;740
602;Okres Banská Štiavnica;2001;161;167;173;190;691
602;Okres Banská Štiavnica;2002;167;160;170;177;674
602;Okres Banská Štiavnica;2003;163;166;163;171;663
602;Okres Banská Štiavnica;2004;140;161;167;164;632
602;Okres Banská Štiavnica;2005;134;138;161;166;599
602;Okres Banská Štiavnica;2006;153;130;135;158;576
602;Okres Banská Štiavnica;2007;158;148;130;135;571
602;Okres Banská Štiavnica;2008;155;156;149;131;591
602;Okres Banská Štiavnica;2009;151;157;153;149;610
602;Okres Banská Štiavnica;2010;158;152;153;155;618
602;Okres Banská Štiavnica;2011;160;158,5;155,5;155,5;629,5
602;Okres Banská Štiavnica;2012;169,5;158,5;162;155,5;645,5
602;Okres Banská Štiavnica;2013;179,5;165,5;158,5;162;665,5
602;Okres Banská Štiavnica;2014;167;177;164,5;158,5;667
602;Okres Banská Štiavnica;2015;143;165,5;177;163,5;649
602;Okres Banská Štiavnica;2016;130,5;142,5;166,5;178;617,5
602;Okres Banská Štiavnica;2017;134,5;130,5;144;169,5;578,5
602;Okres Banská Štiavnica;2018;137,5;135;132;143;547,5
602;Okres Banská Štiavnica;2019;131;141;136,5;131;539,5
602;Okres Banská Štiavnica;2020;146;131;142,5;137,5;557
602;Okres Banská Štiavnica;2021;166,5;144;132,5;145,5;588,5
603;Okres Brezno;2000;701;703;754;853;3011
603;Okres Brezno;2001;698;731;743;781;2953
603;Okres Brezno;2002;673;691;732;740;2836
603;Okres Brezno;2003;657;667;691;726;2741
603;Okres Brezno;2004;589;652;666;683;2590
603;Okres Brezno;2005;559;586;651;660;2456
603;Okres Brezno;2006;583;558;586;648;2375
603;Okres Brezno;2007;586;580;557;581;2304
603;Okres Brezno;2008;618;584;577;554;2333
603;Okres Brezno;2009;615;618;583;576;2392
603;Okres Brezno;2010;585;614;618;582;2399
603;Okres Brezno;2011;602,5;600;624;638;2464,5
603;Okres Brezno;2012;599;600;601;622;2422
603;Okres Brezno;2013;590;595,5;598;599;2382,5
603;Okres Brezno;2014;627,5;582,5;594;595;2399
603;Okres Brezno;2015;605;623;584,5;589,5;2402
603;Okres Brezno;2016;559;605;625,5;581;2370,5
603;Okres Brezno;2017;572,5;558;608;621;2359,5
603;Okres Brezno;2018;546;571,5;556,5;601;2275
603;Okres Brezno;2019;548,5;544,5;572;554,5;2219,5
603;Okres Brezno;2020;578;549,5;542,5;573;2243
603;Okres Brezno;2021;588;587;553;551,5;2279,5
604;Okres Detva;2000;340;369;386;417;1512
604;Okres Detva;2001;332;336;375;401;1444
604;Okres Detva;2002;327;331;334;373;1365
604;Okres Detva;2003;300;327;330;336;1293
604;Okres Detva;2004;289;300;327;332;1248
604;Okres Detva;2005;278;291;297;326;1192
604;Okres Detva;2006;273;278;284;295;1130
604;Okres Detva;2007;289;272;276;283;1120
604;Okres Detva;2008;300;288;273;275;1136
604;Okres Detva;2009;285;297;287;272;1141
604;Okres Detva;2010;271;283;297;287;1138
604;Okres Detva;2011;256;276,5;293;298,5;1124
604;Okres Detva;2012;269,5;258,5;280,5;294;1102,5
604;Okres Detva;2013;292,5;269,5;257;281;1100
604;Okres Detva;2014;303;291;270,5;259;1123,5
604;Okres Detva;2015;311,5;303,5;293,5;272,5;1181
604;Okres Detva;2016;289;312;305,5;293,5;1200
604;Okres Detva;2017;270,5;289,5;315,5;306;1181,5
604;Okres Detva;2018;268;270;293,5;317;1148,5
604;Okres Detva;2019;282;267,5;271,5;293;1114
604;Okres Detva;2020;291;282,5;266;269,5;1109
604;Okres Detva;2021;297;297,5;291;276,5;1162
605;Okres Krupina;2000;295;277;280;303;1155
605;Okres Krupina;2001;264;300;285;286;1135
605;Okres Krupina;2002;242;266;299;285;1092
605;Okres Krupina;2003;256;243;264;296;1059
605;Okres Krupina;2004;240;259;244;265;1008
605;Okres Krupina;2005;221;244;261;244;970
605;Okres Krupina;2006;238;224;245;263;970
605;Okres Krupina;2007;247;240;223;245;955
605;Okres Krupina;2008;237;248;239;223;947
605;Okres Krupina;2009;237;238;250;237;962
605;Okres Krupina;2010;231;239;241;249;960
605;Okres Krupina;2011;231,5;235;242,5;248,5;957,5
605;Okres Krupina;2012;226;230;236;241,5;933,5
605;Okres Krupina;2013;231;224;228;233,5;916,5
605;Okres Krupina;2014;232;231;223,5;225;911,5
605;Okres Krupina;2015;204,5;231;231;219,5;886
605;Okres Krupina;2016;194,5;202;231,5;229;857
605;Okres Krupina;2017;201;193;203,5;230;827,5
605;Okres Krupina;2018;206,5;198;195;202,5;802
605;Okres Krupina;2019;232,5;201,5;201;194;829
605;Okres Krupina;2020;227,5;229;204,5;200,5;861,5
605;Okres Krupina;2021;227;229,5;233,5;209;899
606;Okres Lučenec;2000;799;814;809;839;3261
606;Okres Lučenec;2001;768;791;806;807;3172
606;Okres Lučenec;2002;765;773;802;814;3154
606;Okres Lučenec;2003;753;761;779;804;3097
606;Okres Lučenec;2004;741;753;766;781;3041
606;Okres Lučenec;2005;713;745;756;768;2982
606;Okres Lučenec;2006;699;710;747;756;2912
606;Okres Lučenec;2007;747;697;707;744;2895
606;Okres Lučenec;2008;789;746;690;703;2928
606;Okres Lučenec;2009;776;784;743;685;2988
606;Okres Lučenec;2010;725;771;783;740;3019
606;Okres Lučenec;2011;748;767;823,5;826,5;3165
606;Okres Lučenec;2012;817,5;746,5;766,5;826,5;3157
606;Okres Lučenec;2013;845,5;815;749;769;3178,5
606;Okres Lučenec;2014;816,5;843,5;817;747;3224
606;Okres Lučenec;2015;760,5;814,5;842,5;812,5;3230
606;Okres Lučenec;2016;707,5;762;815;838,5;3123
606;Okres Lučenec;2017;715;711;767;816,5;3009,5
606;Okres Lučenec;2018;702,5;714,5;713,5;767;2897,5
606;Okres Lučenec;2019;718;699;714;714;2845
606;Okres Lučenec;2020;752,5;714;704,5;716;2887
606;Okres Lučenec;2021;722;755,5;722,5;714;2914
607;Okres Poltár;2000;246;231;238;255;970
607;Okres Poltár;2001;276;270;261;260;1067
607;Okres Poltár;2002;245;271;265;257;1038
607;Okres Poltár;2003;224;246;268;264;1002
607;Okres Poltár;2004;211;227;246;268;952
607;Okres Poltár;2005;202;213;228;247;890
607;Okres Poltár;2006;204;203;214;229;850
607;Okres Poltár;2007;197;205;206;213;821
607;Okres Poltár;2008;196;196;210;205;807
607;Okres Poltár;2009;201;194;197;207;799
607;Okres Poltár;2010;194;199;192;194;779
607;Okres Poltár;2011;208,5;200,5;205,5;197,5;812
607;Okres Poltár;2012;218,5;210;200;204,5;833
607;Okres Poltár;2013;209,5;220,5;209;200;839
607;Okres Poltár;2014;203;211,5;220;209;843,5
607;Okres Poltár;2015;190;202;208,5;219,5;820
607;Okres Poltár;2016;185;187,5;199,5;208,5;780,5
607;Okres Poltár;2017;180;184,5;186;199;749,5
607;Okres Poltár;2018;173;183;184;186;726
607;Okres Poltár;2019;188,5;178;184,5;186;737
607;Okres Poltár;2020;194,5;191;177,5;186,5;749,5
607;Okres Poltár;2021;188;200;191,5;181,5;761
608;Okres Revúca;2000;504;502;520;535;2061
608;Okres Revúca;2001;505;517;522;528;2072
608;Okres Revúca;2002;487;505;514;518;2024
608;Okres Revúca;2003;468;489;503;510;1970
608;Okres Revúca;2004;453;465;490;502;1910
608;Okres Revúca;2005;460;450;467;487;1864
608;Okres Revúca;2006;450;458;448;466;1822
608;Okres Revúca;2007;443;450;457;448;1798
608;Okres Revúca;2008;482;444;452;455;1833
608;Okres Revúca;2009;496;481;446;450;1873
608;Okres Revúca;2010;480;493;479;445;1897
608;Okres Revúca;2011;473,5;486;497;486,5;1943
608;Okres Revúca;2012;495,5;469;485,5;496,5;1946,5
608;Okres Revúca;2013;487,5;493,5;469;482;1932
608;Okres Revúca;2014;473,5;489;493,5;467;1923
608;Okres Revúca;2015;472;473,5;491;497,5;1934
608;Okres Revúca;2016;440,5;472;476,5;495;1884
608;Okres Revúca;2017;445;440,5;474,5;482,5;1842,5
608;Okres Revúca;2018;437,5;444;442;482;1805,5
608;Okres Revúca;2019;431,5;436;443;444;1754,5
608;Okres Revúca;2020;449;434;435,5;440;1758,5
608;Okres Revúca;2021;431,5;451,5;439,5;440,5;1763
609;Okres Rimavská Sobota;2000;1036;1005;962;1017;4020
609;Okres Rimavská Sobota;2001;1026;1042;1006;973;4047
609;Okres Rimavská Sobota;2002;1014;1024;1035;1006;4079
609;Okres Rimavská Sobota;2003;971;1015;1025;1036;4047
609;Okres Rimavská Sobota;2004;916;970;1013;1025;3924
609;Okres Rimavská Sobota;2005;929;917;965;1014;3825
609;Okres Rimavská Sobota;2006;955;928;908;964;3755
609;Okres Rimavská Sobota;2007;972;949;922;908;3751
609;Okres Rimavská Sobota;2008;970;967;948;926;3811
609;Okres Rimavská Sobota;2009;986;970;964;953;3873
609;Okres Rimavská Sobota;2010;988;992;967;969;3916
609;Okres Rimavská Sobota;2011;1036;1052,5;1071;1048,5;4208
609;Okres Rimavská Sobota;2012;1049,5;1036,5;1051,5;1075;4212,5
609;Okres Rimavská Sobota;2013;1056,5;1048;1038;1055,5;4198
609;Okres Rimavská Sobota;2014;1009,5;1056;1051;1037,5;4154
609;Okres Rimavská Sobota;2015;957;1010,5;1057;1047,5;4072
609;Okres Rimavská Sobota;2016;938,5;956,5;1008,5;1054,5;3958
609;Okres Rimavská Sobota;2017;948,5;936,5;955,5;1006;3846,5
609;Okres Rimavská Sobota;2018;966;946;937,5;952,5;3802
609;Okres Rimavská Sobota;2019;942;966,5;949,5;936;3794
609;Okres Rimavská Sobota;2020;949;947;971;951,5;3818,5
609;Okres Rimavská Sobota;2021;969;979;976;995,5;3919,5
710;Okres Stará Ľubovňa;2000;841;812;817;898;3368
710;Okres Stará Ľubovňa;2001;814;829;821;830;3294
710;Okres Stará Ľubovňa;2002;800;812;828;820;3260
710;Okres Stará Ľubovňa;2003;767;799;814;824;3204
710;Okres Stará Ľubovňa;2004;729;760;797;810;3096
710;Okres Stará Ľubovňa;2005;726;724;758;797;3005
710;Okres Stará Ľubovňa;2006;714;724;728;757;2923
710;Okres Stará Ľubovňa;2007;685;710;723;724;2842
710;Okres Stará Ľubovňa;2008;668;682;703;719;2772
710;Okres Stará Ľubovňa;2009;672;665;676;700;2713
710;Okres Stará Ľubovňa;2010;669;668;661;674;2672
710;Okres Stará Ľubovňa;2011;721;710;711;705,5;2847,5
710;Okres Stará Ľubovňa;2012;786,5;718;713;710;2927,5
710;Okres Stará Ľubovňa;2013;790,5;763,5;707;705;2966
710;Okres Stará Ľubovňa;2014;760,5;783;761;703,5;3008
710;Okres Stará Ľubovňa;2015;732,5;753,5;780,5;758;3024,5
710;Okres Stará Ľubovňa;2016;702;728,5;748,5;777;2956
710;Okres Stará Ľubovňa;2017;689,5;700;726;746,5;2862
710;Okres Stará Ľubovňa;2018;710,5;687,5;701;722,5;2821,5
710;Okres Stará Ľubovňa;2019;746;707,5;685;698;2836,5
710;Okres Stará Ľubovňa;2020;755;743,5;706,5;686;2891
710;Okres Stará Ľubovňa;2021;757;764,5;754;716;2991,5
711;Okres Stropkov;2000;251;251;284;309;1095
711;Okres Stropkov;2001;252;263;273;302;1090
711;Okres Stropkov;2002;239;252;265;273;1029
711;Okres Stropkov;2003;255;238;252;265;1010
711;Okres Stropkov;2004;237;254;237;253;981
711;Okres Stropkov;2005;205;237;252;238;932
711;Okres Stropkov;2006;211;203;236;251;901
711;Okres Stropkov;2007;210;207;203;237;857
711;Okres Stropkov;2008;208;210;206;203;827
711;Okres Stropkov;2009;205;208;209;203;825
711;Okres Stropkov;2010;190;206;209;208;813
711;Okres Stropkov;2011;191,5;197;212;213;813,5
711;Okres Stropkov;2012;221;191,5;197;211;820,5
711;Okres Stropkov;2013;232,5;221,5;192,5;195,5;842
711;Okres Stropkov;2014;225,5;233;217;191,5;867
711;Okres Stropkov;2015;207;223;227,5;216,5;874
711;Okres Stropkov;2016;190,5;206,5;223;227;847
711;Okres Stropkov;2017;193;192,5;208;223,5;817
711;Okres Stropkov;2018;193;195,5;194;210;792,5
711;Okres Stropkov;2019;205;191,5;196;192,5;785
711;Okres Stropkov;2020;208;201;189;193;791
711;Okres Stropkov;2021;223;217,5;210;201,5;852
712;Okres Svidník;2000;427;432;458;504;1821
712;Okres Svidník;2001;423;437;439;468;1767
712;Okres Svidník;2002;383;421;435;437;1676
712;Okres Svidník;2003;365;382;418;432;1597
712;Okres Svidník;2004;372;364;380;416;1532
712;Okres Svidník;2005;366;369;364;379;1478
712;Okres Svidník;2006;344;367;372;362;1445
712;Okres Svidník;2007;318;346;365;367;1396
712;Okres Svidník;2008;321;317;343;361;1342
712;Okres Svidník;2009;333;319;315;339;1306
712;Okres Svidník;2010;319;331;315;314;1279
712;Okres Svidník;2011;318;324;331;322;1295
712;Okres Svidník;2012;337,5;320;319,5;328;1305
712;Okres Svidník;2013;328,5;337,5;315,5;315;1296,5
712;Okres Svidník;2014;329;325,5;337;315,5;1307
712;Okres Svidník;2015;350;329,5;326;338,5;1344
712;Okres Svidník;2016;347,5;349;329,5;327;1353
712;Okres Svidník;2017;323;345,5;346,5;329;1344
712;Okres Svidník;2018;306,5;323;345,5;344;1319
712;Okres Svidník;2019;306,5;305;323,5;344;1279
712;Okres Svidník;2020;313,5;303,5;305;321;1243
712;Okres Svidník;2021;322,5;314,5;312;308;1257
713;Okres Vranov nad Topľou;2000;1107;1103;1146;1242;4598
713;Okres Vranov nad Topľou;2001;1104;1135;1129;1174;4542
713;Okres Vranov nad Topľou;2002;1069;1107;1128;1123;4427
713;Okres Vranov nad Topľou;2003;1063;1069;1102;1124;4358
713;Okres Vranov nad Topľou;2004;1039;1058;1065;1100;4262
713;Okres Vranov nad Topľou;2005;1000;1037;1057;1061;4155
713;Okres Vranov nad Topľou;2006;1017;998;1035;1054;4104
713;Okres Vranov nad Topľou;2007;1061;1016;994;1040;4111
713;Okres Vranov nad Topľou;2008;1063;1059;1013;996;4131
713;Okres Vranov nad Topľou;2009;1010;1063;1056;1013;4142
713;Okres Vranov nad Topľou;2010;985;1012;1062;1056;4115
713;Okres Vranov nad Topľou;2011;1045,5;1031;1049,5;1083,5;4209,5
713;Okres Vranov nad Topľou;2012;1063,5;1041,5;1032;1048;4185
713;Okres Vranov nad Topľou;2013;1079;1056,5;1042;1032;4209,5
713;Okres Vranov nad Topľou;2014;1048,5;1079;1055,5;1041;4224
713;Okres Vranov nad Topľou;2015;998,5;1051;1074,5;1046;4170
713;Okres Vranov nad Topľou;2016;990;997;1045;1062;4094
713;Okres Vranov nad Topľou;2017;1012,5;985,5;992,5;1039;4029,5
713;Okres Vranov nad Topľou;2018;996;1010,5;979;991,5;3977
713;Okres Vranov nad Topľou;2019;985,5;991,5;1008,5;975,5;3961
713;Okres Vranov nad Topľou;2020;1029,5;984;997,5;1006,5;4017,5
713;Okres Vranov nad Topľou;2021;1035;1045,5;999,5;1019;4099
701;Okres Bardejov;2000;1055;1026;1087;1187;4355
701;Okres Bardejov;2001;1045;1063;1041;1086;4235
701;Okres Bardejov;2002;993;1041;1057;1041;4132
701;Okres Bardejov;2003;949;993;1038;1055;4035
701;Okres Bardejov;2004;890;949;990;1035;3864
701;Okres Bardejov;2005;910;891;944;986;3731
701;Okres Bardejov;2006;908;908;888;945;3649
701;Okres Bardejov;2007;874;907;908;889;3578
701;Okres Bardejov;2008;897;875;908;908;3588
701;Okres Bardejov;2009;911;900;875;909;3595
701;Okres Bardejov;2010;887;914;899;875;3575
701;Okres Bardejov;2011;907,5;904;933,5;918,5;3663,5
701;Okres Bardejov;2012;931,5;905;897,5;931,5;3665,5
701;Okres Bardejov;2013;912,5;924,5;898,5;894;3629,5
701;Okres Bardejov;2014;896,5;911;923;895,5;3626
701;Okres Bardejov;2015;856,5;898,5;910,5;918;3583,5
701;Okres Bardejov;2016;833,5;856;899;907;3495,5
701;Okres Bardejov;2017;853;827;859;895,5;3434,5
701;Okres Bardejov;2018;853,5;851;828;856,5;3389
701;Okres Bardejov;2019;881;855,5;847,5;827,5;3411,5
701;Okres Bardejov;2020;907,5;879;852,5;844;3483
701;Okres Bardejov;2021;897;909;885;857;3548
702;Okres Humenné;2000;736;787;856;914;3293
702;Okres Humenné;2001;709;724;779;852;3064
702;Okres Humenné;2002;683;706;720;776;2885
702;Okres Humenné;2003;667;677;701;719;2764
702;Okres Humenné;2004;653;664;675;704;2696
702;Okres Humenné;2005;608;651;664;674;2597
702;Okres Humenné;2006;599;608;653;668;2528
702;Okres Humenné;2007;591;600;608;655;2454
702;Okres Humenné;2008;580;594;599;603;2376
702;Okres Humenné;2009;585;581;591;594;2351
702;Okres Humenné;2010;623;579;577;587;2366
702;Okres Humenné;2011;624;621,5;589,5;588;2423
702;Okres Humenné;2012;603,5;623,5;621;583,5;2431,5
702;Okres Humenné;2013;592;607;622;608,5;2429,5
702;Okres Humenné;2014;587,5;589,5;608,5;615,5;2401
702;Okres Humenné;2015;567;582,5;591;605,5;2346
702;Okres Humenné;2016;519;566;582;592,5;2259,5
702;Okres Humenné;2017;532;519;567,5;584,5;2203
702;Okres Humenné;2018;529,5;533;518,5;567,5;2148,5
702;Okres Humenné;2019;517;526,5;528,5;520,5;2092,5
702;Okres Humenné;2020;538,5;510,5;524,5;529;2102,5
702;Okres Humenné;2021;536,5;537;514;529,5;2117
703;Okres Kežmarok;2000;1088;1098;1117;1183;4486
703;Okres Kežmarok;2001;1080;1095;1111;1135;4421
703;Okres Kežmarok;2002;1073;1081;1095;1114;4363
703;Okres Kežmarok;2003;1055;1072;1083;1097;4307
703;Okres Kežmarok;2004;1017;1058;1072;1080;4227
703;Okres Kežmarok;2005;967;1018;1055;1071;4111
703;Okres Kežmarok;2006;986;964;1013;1056;4019
703;Okres Kežmarok;2007;1038;982;962;1013;3995
703;Okres Kežmarok;2008;1061;1032;983;965;4041
703;Okres Kežmarok;2009;1059;1058;1036;984;4137
703;Okres Kežmarok;2010;1058;1061;1062;1037;4218
703;Okres Kežmarok;2011;1165,5;1135;1134;1109;4543,5
703;Okres Kežmarok;2012;1279;1166;1128,5;1131,5;4705
703;Okres Kežmarok;2013;1291,5;1279;1163;1122;4855,5
703;Okres Kežmarok;2014;1272,5;1302,5;1278;1165,5;5018,5
703;Okres Kežmarok;2015;1210,5;1285;1300,5;1280,5;5076,5
703;Okres Kežmarok;2016;1141;1219,5;1286;1301,5;4948
703;Okres Kežmarok;2017;1138;1145,5;1222,5;1285,5;4791,5
703;Okres Kežmarok;2018;1149,5;1135;1144;1221,5;4650
703;Okres Kežmarok;2019;1198;1146;1135;1147;4626
703;Okres Kežmarok;2020;1225,5;1195,5;1147,5;1138,5;4707
703;Okres Kežmarok;2021;1224;1223,5;1196,5;1152,5;4796,5
704;Okres Levoča;2000;462;472;481;519;1934
704;Okres Levoča;2001;458;470;486;490;1904
704;Okres Levoča;2002;452;453;469;485;1859
704;Okres Levoča;2003;440;449;451;469;1809
704;Okres Levoča;2004;429;442;448;452;1771
704;Okres Levoča;2005;418;429;441;446;1734
704;Okres Levoča;2006;400;419;430;441;1690
704;Okres Levoča;2007;401;400;418;430;1649
704;Okres Levoča;2008;405;400;396;421;1622
704;Okres Levoča;2009;392;406;398;400;1596
704;Okres Levoča;2010;380;394;405;398;1577
704;Okres Levoča;2011;418;391;405,5;412,5;1627
704;Okres Levoča;2012;421,5;422;391;401;1635,5
704;Okres Levoča;2013;424,5;427;420,5;391;1663
704;Okres Levoča;2014;443;426,5;423;420,5;1713
704;Okres Levoča;2015;420,5;439;425,5;421,5;1706,5
704;Okres Levoča;2016;413,5;424;443,5;426;1707
704;Okres Levoča;2017;394;421,5;426;449;1690,5
704;Okres Levoča;2018;389;397,5;424;428;1638,5
704;Okres Levoča;2019;411;389;400;419,5;1619,5
704;Okres Levoča;2020;401,5;410;389,5;397,5;1598,5
704;Okres Levoča;2021;385;405;412;393;1595
705;Okres Medzilaborce;2000;133;147;156;152;588
705;Okres Medzilaborce;2001;124;131;145;162;562
705;Okres Medzilaborce;2002;125;125;132;147;529
705;Okres Medzilaborce;2003;118;125;126;132;501
705;Okres Medzilaborce;2004;114;118;125;126;483
705;Okres Medzilaborce;2005;120;115;116;125;476
705;Okres Medzilaborce;2006;116;119;114;115;464
705;Okres Medzilaborce;2007;124;114;121;111;470
705;Okres Medzilaborce;2008;128;123;116;122;489
705;Okres Medzilaborce;2009;117;128;122;119;486
705;Okres Medzilaborce;2010;104;118;125;124;471
705;Okres Medzilaborce;2011;111;105,5;120,5;136;473
705;Okres Medzilaborce;2012;125;110,5;105;121,5;462
705;Okres Medzilaborce;2013;123;124,5;111,5;105;464
705;Okres Medzilaborce;2014;114,5;123,5;126;112;476
705;Okres Medzilaborce;2015;107;114;124,5;126,5;472
705;Okres Medzilaborce;2016;106,5;107;113,5;124;451
705;Okres Medzilaborce;2017;99;105;107,5;112,5;424
705;Okres Medzilaborce;2018;94,5;95,5;105;106,5;401,5
705;Okres Medzilaborce;2019;93;92,5;94;104;383,5
705;Okres Medzilaborce;2020;93,5;95,5;92,5;92,5;374
705;Okres Medzilaborce;2021;104,5;98,5;97,5;93,5;394
706;Okres Poprad;2000;1201;1253;1322;1461;5237
706;Okres Poprad;2001;1211;1220;1280;1323;5034
706;Okres Poprad;2002;1230;1209;1224;1276;4939
706;Okres Poprad;2003;1190;1226;1203;1224;4843
706;Okres Poprad;2004;1162;1181;1216;1196;4755
706;Okres Poprad;2005;1095;1151;1175;1203;4624
706;Okres Poprad;2006;1036;1088;1148;1164;4436
706;Okres Poprad;2007;1085;1030;1082;1138;4335
706;Okres Poprad;2008;1153;1079;1028;1074;4334
706;Okres Poprad;2009;1156;1147;1079;1018;4400
706;Okres Poprad;2010;1132;1152;1141;1073;4498
706;Okres Poprad;2011;1140;1136;1158,5;1150,5;4585
706;Okres Poprad;2012;1227,5;1140;1141,5;1160,5;4669,5
706;Okres Poprad;2013;1232,5;1232;1144,5;1145,5;4754,5
706;Okres Poprad;2014;1216;1229,5;1233,5;1137,5;4816,5
706;Okres Poprad;2015;1213;1210,5;1235;1230;4888,5
706;Okres Poprad;2016;1166,5;1209;1208;1234;4817,5
706;Okres Poprad;2017;1126;1173,5;1203;1210;4712,5
706;Okres Poprad;2018;1102,5;1137;1171;1204;4614,5
706;Okres Poprad;2019;1150;1105;1137,5;1168,5;4561
706;Okres Poprad;2020;1178,5;1150;1112;1135,5;4576
706;Okres Poprad;2021;1160,5;1188;1168,5;1112,5;4629,5
707;Okres Prešov;2000;2137;2164;2269;2479;9049
707;Okres Prešov;2001;2017;2141;2186;2261;8605
707;Okres Prešov;2002;1987;2020;2139;2187;8333
707;Okres Prešov;2003;1984;1982;2019;2138;8123
707;Okres Prešov;2004;1866;1983;1981;2019;7849
707;Okres Prešov;2005;1779;1865;1980;1980;7604
707;Okres Prešov;2006;1779;1782;1862;1977;7400
707;Okres Prešov;2007;1847;1784;1780;1862;7273
707;Okres Prešov;2008;1898;1847;1782;1784;7311
707;Okres Prešov;2009;1891;1903;1844;1785;7423
707;Okres Prešov;2010;1881;1898;1901;1847;7527
707;Okres Prešov;2011;1980,5;1916,5;1936,5;1963,5;7797
707;Okres Prešov;2012;2109,5;1986;1923;1936;7954,5
707;Okres Prešov;2013;2123,5;2127;1994,5;1934;8179
707;Okres Prešov;2014;2107;2136,5;2129;2006,5;8379
707;Okres Prešov;2015;2099;2114,5;2144,5;2137,5;8495,5
707;Okres Prešov;2016;2035,5;2110,5;2127,5;2149;8422,5
707;Okres Prešov;2017;2057,5;2046;2119;2126,5;8349
707;Okres Prešov;2018;2139;2061,5;2052;2123;8375,5
707;Okres Prešov;2019;2206;2155;2070,5;2063,5;8495
707;Okres Prešov;2020;2237;2234,5;2162,5;2083;8717
707;Okres Prešov;2021;2237;2263;2240;2190,5;8930,5
708;Okres Sabinov;2000;920;955;975;1002;3852
708;Okres Sabinov;2001;913;937;964;1000;3814
708;Okres Sabinov;2002;939;912;938;962;3751
708;Okres Sabinov;2003;905;943;914;936;3698
708;Okres Sabinov;2004;870;907;946;914;3637
708;Okres Sabinov;2005;858;866;908;945;3577
708;Okres Sabinov;2006;817;851;867;907;3442
708;Okres Sabinov;2007;790;817;855;868;3330
708;Okres Sabinov;2008;819;791;820;857;3287
708;Okres Sabinov;2009;838;818;790;823;3269
708;Okres Sabinov;2010;820;836;816;794;3266
708;Okres Sabinov;2011;863;829;845,5;834;3371,5
708;Okres Sabinov;2012;931;864,5;828;842;3465,5
708;Okres Sabinov;2013;917,5;928;863,5;823,5;3532,5
708;Okres Sabinov;2014;890,5;914,5;926;859;3590
708;Okres Sabinov;2015;896,5;890,5;911;920;3618
708;Okres Sabinov;2016;864,5;901;891;907;3563,5
708;Okres Sabinov;2017;867;867,5;900,5;895,5;3530,5
708;Okres Sabinov;2018;907;867;863,5;904,5;3542
708;Okres Sabinov;2019;923,5;906,5;866,5;859,5;3556
708;Okres Sabinov;2020;919;922;911;862;3614
708;Okres Sabinov;2021;955;922;940;920;3737
709;Okres Snina;2000;474;498;531;569;2072
709;Okres Snina;2001;444;483;513;554;1994
709;Okres Snina;2002;420;444;483;513;1860
709;Okres Snina;2003;414;419;443;483;1759
709;Okres Snina;2004;386;418;417;442;1663
709;Okres Snina;2005;348;388;417;417;1570
709;Okres Snina;2006;361;347;388;417;1513
709;Okres Snina;2007;367;360;345;387;1459
709;Okres Snina;2008;357;364;358;344;1423
709;Okres Snina;2009;341;351;366;358;1416
709;Okres Snina;2010;329;339;353;366;1387
709;Okres Snina;2011;347,5;341;349,5;358,5;1396,5
709;Okres Snina;2012;366,5;347;338,5;351,5;1403,5
709;Okres Snina;2013;346,5;364,5;344;338,5;1393,5
709;Okres Snina;2014;344,5;343;360,5;343;1391
709;Okres Snina;2015;353;344,5;340;359;1396,5
709;Okres Snina;2016;306,5;356;343;337,5;1343
709;Okres Snina;2017;280;307;355,5;342;1284,5
709;Okres Snina;2018;289,5;278,5;308;357;1233
709;Okres Snina;2019;304,5;288,5;279,5;308;1180,5
709;Okres Snina;2020;289,5;303;290;278,5;1161
709;Okres Snina;2021;289;294;308,5;297,5;1189
810;Okres Spišská Nová Ves;2000;1369;1335;1377;1467;5548
810;Okres Spišská Nová Ves;2001;1365;1388;1363;1402;5518
810;Okres Spišská Nová Ves;2002;1303;1368;1389;1359;5419
810;Okres Spišská Nová Ves;2003;1274;1306;1369;1380;5329
810;Okres Spišská Nová Ves;2004;1243;1274;1305;1368;5190
810;Okres Spišská Nová Ves;2005;1244;1242;1271;1311;5068
810;Okres Spišská Nová Ves;2006;1233;1239;1236;1268;4976
810;Okres Spišská Nová Ves;2007;1289;1226;1236;1229;4980
810;Okres Spišská Nová Ves;2008;1336;1290;1230;1231;5087
810;Okres Spišská Nová Ves;2009;1310;1342;1292;1227;5171
810;Okres Spišská Nová Ves;2010;1330;1310;1343;1291;5274
810;Okres Spišská Nová Ves;2011;1374,5;1329,5;1331;1383,5;5418,5
810;Okres Spišská Nová Ves;2012;1444;1368;1327;1328,5;5467,5
810;Okres Spišská Nová Ves;2013;1441;1437,5;1367;1324;5569,5
810;Okres Spišská Nová Ves;2014;1422;1435,5;1440,5;1365,5;5663,5
810;Okres Spišská Nová Ves;2015;1411;1417;1436;1437,5;5701,5
810;Okres Spišská Nová Ves;2016;1371;1405,5;1417,5;1431;5625
810;Okres Spišská Nová Ves;2017;1345,5;1370;1406,5;1408,5;5530,5
810;Okres Spišská Nová Ves;2018;1311;1346;1365;1399;5421
810;Okres Spišská Nová Ves;2019;1277,5;1316,5;1340;1363,5;5297,5
810;Okres Spišská Nová Ves;2020;1277;1294,5;1322;1347,5;5241
810;Okres Spišská Nová Ves;2021;1342;1316,5;1333,5;1366;5358
811;Okres Trebišov;2000;1345;1282;1284;1341;5252
811;Okres Trebišov;2001;1350;1366;1311;1304;5331
811;Okres Trebišov;2002;1285;1349;1366;1310;5310
811;Okres Trebišov;2003;1226;1288;1349;1362;5225
811;Okres Trebišov;2004;1183;1234;1290;1350;5057
811;Okres Trebišov;2005;1168;1186;1234;1292;4880
811;Okres Trebišov;2006;1220;1168;1183;1235;4806
811;Okres Trebišov;2007;1218;1220;1168;1186;4792
811;Okres Trebišov;2008;1264;1217;1223;1168;4872
811;Okres Trebišov;2009;1286;1262;1218;1218;4984
811;Okres Trebišov;2010;1223;1279;1260;1215;4977
811;Okres Trebišov;2011;1262,5;1234;1326;1309,5;5132
811;Okres Trebišov;2012;1303;1262,5;1240;1325,5;5131
811;Okres Trebišov;2013;1268;1302,5;1265,5;1238;5074
811;Okres Trebišov;2014;1276,5;1272,5;1305;1264;5118
811;Okres Trebišov;2015;1244;1281,5;1273,5;1306,5;5105,5
811;Okres Trebišov;2016;1144,5;1247,5;1281;1279;4952
811;Okres Trebišov;2017;1136;1150;1251;1283,5;4820,5
811;Okres Trebišov;2018;1187;1143;1152;1249;4731
811;Okres Trebišov;2019;1193,5;1195,5;1144;1152,5;4685,5
811;Okres Trebišov;2020;1178;1201;1196,5;1144,5;4720
811;Okres Trebišov;2021;1198;1213,5;1235,5;1235,5;4882,5
801;Okres Gelnica;2000;449;415;442;482;1788
801;Okres Gelnica;2001;462;456;428;459;1805
801;Okres Gelnica;2002;433;460;454;426;1773
801;Okres Gelnica;2003;412;427;461;451;1751
801;Okres Gelnica;2004;389;407;429;461;1686
801;Okres Gelnica;2005;373;389;405;432;1599
801;Okres Gelnica;2006;378;375;385;407;1545
801;Okres Gelnica;2007;404;376;370;387;1537
801;Okres Gelnica;2008;399;402;371;374;1546
801;Okres Gelnica;2009;420;399;399;374;1592
801;Okres Gelnica;2010;443;420;399;397;1659
801;Okres Gelnica;2011;421;439,5;417;394,5;1672
801;Okres Gelnica;2012;433,5;423;440;417;1713,5
801;Okres Gelnica;2013;439,5;432;421;437;1729,5
801;Okres Gelnica;2014;456;441;426,5;415,5;1739
801;Okres Gelnica;2015;452;459,5;439;423;1773,5
801;Okres Gelnica;2016;430,5;451,5;460,5;436;1778,5
801;Okres Gelnica;2017;442;428;453,5;459;1782,5
801;Okres Gelnica;2018;471,5;440;431,5;455;1798
801;Okres Gelnica;2019;474,5;471,5;441;431;1818
801;Okres Gelnica;2020;457;474,5;473,5;440;1845
801;Okres Gelnica;2021;463,5;460,5;482,5;476;1882,5
802;Okres Košice I;2000;812;832;898;956;3498
802;Okres Košice I;2001;753;783;768;829;3133
802;Okres Košice I;2002;723;747;777;775;3022
802;Okres Košice I;2003;685;717;743;778;2923
802;Okres Košice I;2004;615;672;706;735;2728
802;Okres Košice I;2005;606;600;663;706;2575
802;Okres Košice I;2006;645;601;599;673;2518
802;Okres Košice I;2007;682;642;597;596;2517
802;Okres Košice I;2008;678;678;639;594;2589
802;Okres Košice I;2009;646;677;671;634;2628
802;Okres Košice I;2010;604;639;666;665;2574
802;Okres Košice I;2011;588;593,5;621,5;640;2443
802;Okres Košice I;2012;646;581;586,5;618;2431,5
802;Okres Košice I;2013;667,5;647;575,5;587,5;2477,5
802;Okres Košice I;2014;652;661,5;636,5;571;2521
802;Okres Košice I;2015;643,5;645,5;651,5;632;2572,5
802;Okres Košice I;2016;587,5;645;643;649;2524,5
802;Okres Košice I;2017;584,5;588;642;642,5;2457
802;Okres Košice I;2018;586;583,5;579;639;2387,5
802;Okres Košice I;2019;587;582;578;575,5;2322,5
802;Okres Košice I;2020;631;586;586;584;2387
802;Okres Košice I;2021;629;632;585;589;2435
803;Okres Košice II;2000;937;878;947;1075;3837
803;Okres Košice II;2001;878;894;853;889;3514
803;Okres Košice II;2002;816;886;893;860;3455
803;Okres Košice II;2003;773;815;879;886;3353
803;Okres Košice II;2004;768;776;821;881;3246
803;Okres Košice II;2005;779;779;784;824;3166
803;Okres Košice II;2006;802;785;778;782;3147
803;Okres Košice II;2007;825;800;776;770;3171
803;Okres Košice II;2008;822;819;797;765;3203
803;Okres Košice II;2009;797;820;820;790;3227
803;Okres Košice II;2010;828;794;816;819;3257
803;Okres Košice II;2011;870,5;817;796,5;810,5;3294,5
803;Okres Košice II;2012;889,5;872;810,5;793,5;3365,5
803;Okres Košice II;2013;863,5;891,5;866;807;3428
803;Okres Košice II;2014;905,5;857;892,5;858;3513
803;Okres Košice II;2015;910,5;898,5;857;883,5;3549,5
803;Okres Košice II;2016;825;901,5;888;845,5;3460
803;Okres Košice II;2017;805;814,5;893,5;875,5;3388,5
803;Okres Košice II;2018;820,5;797,5;815;883;3316
803;Okres Košice II;2019;872;815,5;800,5;808;3296
803;Okres Košice II;2020;891,5;865,5;814,5;797;3368,5
803;Okres Košice II;2021;905;892;862,5;822,5;3482
804;Okres Košice III;2000;282;301;275;272;1130
804;Okres Košice III;2001;276;267;287;287;1117
804;Okres Košice III;2002;278;270;269;281;1098
804;Okres Košice III;2003;275;274;272;263;1084
804;Okres Košice III;2004;259;270;272;267;1068
804;Okres Košice III;2005;270;257;266;266;1059
804;Okres Košice III;2006;293;266;257;265;1081
804;Okres Košice III;2007;298;290;262;256;1106
804;Okres Košice III;2008;296;292;284;259;1131
804;Okres Košice III;2009;291;290;289;277;1147
804;Okres Košice III;2010;296;289;286;280;1151
804;Okres Košice III;2011;287;292;284,5;280;1143,5
804;Okres Košice III;2012;307;283;288,5;281,5;1160
804;Okres Košice III;2013;321;302;285,5;286;1194,5
804;Okres Košice III;2014;351;315;298,5;276;1240,5
804;Okres Košice III;2015;344,5;343;310;289,5;1287
804;Okres Košice III;2016;280,5;338;336;303,5;1258
804;Okres Košice III;2017;264,5;276,5;333;334,5;1208,5
804;Okres Košice III;2018;262,5;260;274,5;332;1129
804;Okres Košice III;2019;279,5;260,5;258;272;1070
804;Okres Košice III;2020;286,5;274,5;260;255;1076
804;Okres Košice III;2021;279;288,5;281,5;280,5;1129,5
805;Okres Košice IV;2000;584;559;571;608;2322
805;Okres Košice IV;2001;556;540;535;554;2185
805;Okres Košice IV;2002;548;539;530;533;2150
805;Okres Košice IV;2003;526;543;534;532;2135
805;Okres Košice IV;2004;522;521;539;536;2118
805;Okres Košice IV;2005;519;511;516;533;2079
805;Okres Košice IV;2006;539;514;511;508;2072
805;Okres Košice IV;2007;587;537;513;512;2149
805;Okres Košice IV;2008;569;582;534;517;2202
805;Okres Košice IV;2009;561;558;580;537;2236
805;Okres Košice IV;2010;577;553;562;578;2270
805;Okres Košice IV;2011;603;578,5;558,5;571,5;2311,5
805;Okres Košice IV;2012;630,5;597,5;575,5;553;2356,5
805;Okres Košice IV;2013;619,5;627,5;596;573,5;2416,5
805;Okres Košice IV;2014;610,5;620;626;598;2454,5
805;Okres Košice IV;2015;604,5;611,5;626,5;629;2471,5
805;Okres Košice IV;2016;566,5;602,5;613;624,5;2406,5
805;Okres Košice IV;2017;552,5;563,5;597,5;606,5;2320
805;Okres Košice IV;2018;566;551;561,5;597;2275,5
805;Okres Košice IV;2019;568,5;562,5;549;565;2245
805;Okres Košice IV;2020;553,5;560,5;558,5;544,5;2217
805;Okres Košice IV;2021;534,5;553,5;564;545,5;2197,5
806;Okres Košice - okolie;2000;1424;1356;1408;1537;5725
806;Okres Košice - okolie;2001;1499;1458;1417;1475;5849
806;Okres Košice - okolie;2002;1488;1511;1465;1419;5883
806;Okres Košice - okolie;2003;1468;1498;1515;1475;5956
806;Okres Košice - okolie;2004;1395;1469;1504;1516;5884
806;Okres Košice - okolie;2005;1393;1402;1477;1502;5774
806;Okres Košice - okolie;2006;1434;1396;1408;1478;5716
806;Okres Košice - okolie;2007;1456;1438;1401;1413;5708
806;Okres Košice - okolie;2008;1474;1467;1446;1407;5794
806;Okres Košice - okolie;2009;1515;1482;1477;1452;5926
806;Okres Košice - okolie;2010;1552;1522;1493;1483;6050
806;Okres Košice - okolie;2011;1616;1636,5;1626,5;1597;6476
806;Okres Košice - okolie;2012;1733,5;1630;1646;1639,5;6649
806;Okres Košice - okolie;2013;1684;1733,5;1640;1651,5;6709
806;Okres Košice - okolie;2014;1645,5;1699,5;1749;1657,5;6751,5
806;Okres Košice - okolie;2015;1709;1670,5;1712,5;1767;6859
806;Okres Košice - okolie;2016;1660,5;1731,5;1693;1736;6821
806;Okres Košice - okolie;2017;1632;1680;1756;1716;6784
806;Okres Košice - okolie;2018;1616,5;1652,5;1705;1777;6751
806;Okres Košice - okolie;2019;1699,5;1640;1675,5;1723;6738
806;Okres Košice - okolie;2020;1801;1726,5;1659;1691,5;6878
806;Okres Košice - okolie;2021;1832,5;1841,5;1778,5;1699;7151,5
807;Okres Michalovce;2000;1351;1347;1402;1533;5633
807;Okres Michalovce;2001;1314;1330;1338;1395;5377
807;Okres Michalovce;2002;1354;1323;1332;1339;5348
807;Okres Michalovce;2003;1360;1355;1327;1339;5381
807;Okres Michalovce;2004;1285;1359;1357;1330;5331
807;Okres Michalovce;2005;1214;1289;1358;1354;5215
807;Okres Michalovce;2006;1222;1220;1288;1354;5084
807;Okres Michalovce;2007;1268;1222;1220;1283;4993
807;Okres Michalovce;2008;1271;1266;1222;1216;4975
807;Okres Michalovce;2009;1239;1270;1264;1220;4993
807;Okres Michalovce;2010;1225;1242;1266;1261;4994
807;Okres Michalovce;2011;1302,5;1267,5;1288,5;1290;5148,5
807;Okres Michalovce;2012;1357,5;1306;1272;1282,5;5218
807;Okres Michalovce;2013;1313,5;1364,5;1308,5;1271,5;5258
807;Okres Michalovce;2014;1326,5;1321;1370,5;1314;5332
807;Okres Michalovce;2015;1288,5;1327,5;1325,5;1373,5;5315
807;Okres Michalovce;2016;1153;1291,5;1329,5;1332,5;5106,5
807;Okres Michalovce;2017;1109,5;1160;1293,5;1340,5;4903,5
807;Okres Michalovce;2018;1143;1110,5;1164,5;1292;4710
807;Okres Michalovce;2019;1186,5;1147;1115;1156,5;4605
807;Okres Michalovce;2020;1165;1196;1151;1116,5;4628,5
807;Okres Michalovce;2021;1176;1181;1223;1192,5;4772,5
808;Okres Rožňava;2000;743;737;720;770;2970
808;Okres Rožňava;2001;738;737;740;722;2937
808;Okres Rožňava;2002;754;737;738;742;2971
808;Okres Rožňava;2003;752;755;737;740;2984
808;Okres Rožňava;2004;734;754;757;740;2985
808;Okres Rožňava;2005;701;733;757;762;2953
808;Okres Rožňava;2006;656;695;732;763;2846
808;Okres Rožňava;2007;631;653;695;734;2713
808;Okres Rožňava;2008;649;630;653;697;2629
808;Okres Rožňava;2009;666;646;629;654;2595
808;Okres Rožňava;2010;662;664;644;627;2597
808;Okres Rožňava;2011;692;715;707,5;695;2809,5
808;Okres Rožňava;2012;720,5;692;715,5;710,5;2838,5
808;Okres Rožňava;2013;751,5;719;692;715,5;2878
808;Okres Rožňava;2014;740,5;751,5;715;691;2898
808;Okres Rožňava;2015;700;739,5;745,5;711;2896
808;Okres Rožňava;2016;650,5;697,5;737;743,5;2828,5
808;Okres Rožňava;2017;633;647,5;697,5;737;2715
808;Okres Rožňava;2018;638,5;632;647;696,5;2614
808;Okres Rožňava;2019;673;643,5;630,5;643,5;2590,5
808;Okres Rožňava;2020;681;678,5;638,5;629,5;2627,5
808;Okres Rožňava;2021;695,5;689;687,5;654;2726
809;Okres Sobrance;2000;253;260;290;327;1130
809;Okres Sobrance;2001;258;265;280;311;1114
809;Okres Sobrance;2002;257;258;267;282;1064
809;Okres Sobrance;2003;263;257;256;265;1041
809;Okres Sobrance;2004;247;262;256;256;1021
809;Okres Sobrance;2005;225;247;263;256;991
809;Okres Sobrance;2006;212;225;249;262;948
809;Okres Sobrance;2007;205;213;225;248;891
809;Okres Sobrance;2008;229;206;214;226;875
809;Okres Sobrance;2009;233;231;209;216;889
809;Okres Sobrance;2010;212;232;236;212;892
809;Okres Sobrance;2011;231,5;227,5;247,5;241,5;948
809;Okres Sobrance;2012;231,5;235;226,5;249;942
809;Okres Sobrance;2013;215,5;229,5;232;227;904
809;Okres Sobrance;2014;228;215;228;230;901
809;Okres Sobrance;2015;227;227;217,5;225;896,5
809;Okres Sobrance;2016;215,5;228,5;230,5;215,5;890
809;Okres Sobrance;2017;215,5;219;230;230;894,5
809;Okres Sobrance;2018;211;221,5;220;231,5;884
809;Okres Sobrance;2019;227;216,5;223;222;888,5
809;Okres Sobrance;2020;247,5;231;215;223,5;917
809;Okres Sobrance;2021;237;257,5;234,5;218;947
